-- phpMyAdmin SQL Dump
-- version 5.0.4
-- https://www.phpmyadmin.net/
--
-- Host: 127.0.0.1
-- Generation Time: Jan 22, 2022 at 08:43 AM
-- Server version: 10.4.17-MariaDB
-- PHP Version: 7.3.27

SET SQL_MODE = "NO_AUTO_VALUE_ON_ZERO";
START TRANSACTION;
SET time_zone = "+00:00";


/*!40101 SET @OLD_CHARACTER_SET_CLIENT=@@CHARACTER_SET_CLIENT */;
/*!40101 SET @OLD_CHARACTER_SET_RESULTS=@@CHARACTER_SET_RESULTS */;
/*!40101 SET @OLD_COLLATION_CONNECTION=@@COLLATION_CONNECTION */;
/*!40101 SET NAMES utf8mb4 */;

--
-- Database: `pos1`
--

-- --------------------------------------------------------

--
-- Table structure for table `tbl_barang`
--

CREATE TABLE `tbl_barang` (
  `barang_id` varchar(15) NOT NULL,
  `barang_nama` varchar(150) DEFAULT NULL,
  `barang_satuan` varchar(30) DEFAULT NULL,
  `barang_harpok` double DEFAULT NULL,
  `barang_harjul` double DEFAULT NULL,
  `barang_harjul_grosir` double DEFAULT NULL,
  `barang_stok` int(11) DEFAULT 0,
  `barang_min_stok` int(11) DEFAULT 0,
  `barang_tgl_input` timestamp NULL DEFAULT current_timestamp(),
  `barang_tgl_last_update` datetime DEFAULT NULL,
  `barang_kategori_id` int(11) DEFAULT NULL,
  `barang_user_id` int(11) DEFAULT NULL,
  `suplier_id` int(11) NOT NULL
) ENGINE=InnoDB DEFAULT CHARSET=latin1;

--
-- Dumping data for table `tbl_barang`
--

INSERT INTO `tbl_barang` (`barang_id`, `barang_nama`, `barang_satuan`, `barang_harpok`, `barang_harjul`, `barang_harjul_grosir`, `barang_stok`, `barang_min_stok`, `barang_tgl_input`, `barang_tgl_last_update`, `barang_kategori_id`, `barang_user_id`, `suplier_id`) VALUES
('PJ000001', 'Obeng Plus', 'PCS', 20000, 25000, 23000, 105, 1, '2022-01-17 15:36:24', NULL, 42, 4, 8),
('PJ000002', 'Obeng Min', 'Unit', 20000, 22000, 21000, 100, 1, '2022-01-22 04:28:02', NULL, 42, 4, 8);

-- --------------------------------------------------------

--
-- Table structure for table `tbl_beli`
--

CREATE TABLE `tbl_beli` (
  `beli_nofak` varchar(15) DEFAULT NULL,
  `beli_tanggal` date DEFAULT NULL,
  `beli_suplier_id` int(11) DEFAULT NULL,
  `beli_user_id` int(11) DEFAULT NULL,
  `beli_kode` varchar(15) NOT NULL
) ENGINE=InnoDB DEFAULT CHARSET=latin1;

--
-- Dumping data for table `tbl_beli`
--

INSERT INTO `tbl_beli` (`beli_nofak`, `beli_tanggal`, `beli_suplier_id`, `beli_user_id`, `beli_kode`) VALUES
('73289', '2022-01-22', 8, 4, 'BL220122000001');

-- --------------------------------------------------------

--
-- Table structure for table `tbl_detail_beli`
--

CREATE TABLE `tbl_detail_beli` (
  `d_beli_id` int(11) NOT NULL,
  `d_beli_nofak` varchar(15) DEFAULT NULL,
  `d_beli_barang_id` varchar(15) DEFAULT NULL,
  `d_beli_harga` double DEFAULT NULL,
  `d_beli_jumlah` int(11) DEFAULT NULL,
  `d_beli_total` double DEFAULT NULL,
  `d_beli_kode` varchar(15) DEFAULT NULL
) ENGINE=InnoDB DEFAULT CHARSET=latin1;

--
-- Dumping data for table `tbl_detail_beli`
--

INSERT INTO `tbl_detail_beli` (`d_beli_id`, `d_beli_nofak`, `d_beli_barang_id`, `d_beli_harga`, `d_beli_jumlah`, `d_beli_total`, `d_beli_kode`) VALUES
(4, '73289', 'PJ000001', 20000, 20, 400000, 'BL220122000001'),
(5, '73289', 'PJ000002', 20000, 2, 40000, 'BL220122000001');

-- --------------------------------------------------------

--
-- Table structure for table `tbl_detail_jual`
--

CREATE TABLE `tbl_detail_jual` (
  `d_jual_id` int(11) NOT NULL,
  `d_jual_nofak` varchar(15) DEFAULT NULL,
  `d_jual_barang_id` varchar(15) DEFAULT NULL,
  `d_jual_barang_nama` varchar(150) DEFAULT NULL,
  `d_jual_barang_satuan` varchar(30) DEFAULT NULL,
  `d_jual_barang_harpok` double DEFAULT NULL,
  `d_jual_barang_harjul` double DEFAULT NULL,
  `d_jual_qty` int(11) DEFAULT NULL,
  `d_jual_diskon` double DEFAULT NULL,
  `d_jual_total` double DEFAULT NULL
) ENGINE=InnoDB DEFAULT CHARSET=latin1;

--
-- Dumping data for table `tbl_detail_jual`
--

INSERT INTO `tbl_detail_jual` (`d_jual_id`, `d_jual_nofak`, `d_jual_barang_id`, `d_jual_barang_nama`, `d_jual_barang_satuan`, `d_jual_barang_harpok`, `d_jual_barang_harjul`, `d_jual_qty`, `d_jual_diskon`, `d_jual_total`) VALUES
(18, '210122000001', 'PJ000001', 'Obeng Plus', 'PCS', 20000, 25000, 2, 0, 50000),
(19, '210122000002', 'PJ000001', 'Obeng Plus', 'PCS', 20000, 25000, 1, 0, 25000),
(20, '210122000006', 'PJ000001', 'Obeng Plus', 'PCS', 20000, 25000, 2, 0, 50000),
(21, '220122000007', 'PJ000001', 'Obeng Plus', 'PCS', 20000, 25000, 1, 0, 25000),
(22, '220122000008', 'PJ000001', 'Obeng Plus', 'PCS', 20000, 25000, 1, 0, 25000),
(23, '220122000009', 'PJ000002', 'Obeng Min', 'Unit', 20000, 22000, 1, 0, 22000),
(24, '220122000010', 'PJ000002', 'Obeng Min', 'Unit', 20000, 22000, 1, 0, 22000),
(25, '220122000011', 'PJ000001', 'Obeng Plus', 'PCS', 20000, 25000, 1, 0, 25000);

-- --------------------------------------------------------

--
-- Table structure for table `tbl_jual`
--

CREATE TABLE `tbl_jual` (
  `jual_nofak` varchar(15) NOT NULL,
  `jual_tanggal` timestamp NULL DEFAULT current_timestamp(),
  `jual_total` double DEFAULT NULL,
  `jual_jml_uang` double DEFAULT NULL,
  `jual_kembalian` double DEFAULT NULL,
  `jual_user_id` int(11) DEFAULT NULL,
  `jual_keterangan` varchar(20) DEFAULT NULL,
  `jual_pembeli` varchar(30) NOT NULL
) ENGINE=InnoDB DEFAULT CHARSET=latin1;

--
-- Dumping data for table `tbl_jual`
--

INSERT INTO `tbl_jual` (`jual_nofak`, `jual_tanggal`, `jual_total`, `jual_jml_uang`, `jual_kembalian`, `jual_user_id`, `jual_keterangan`, `jual_pembeli`) VALUES
('210122000001', '2022-01-21 16:17:51', 50000, 50000, 0, 4, 'eceran', 'Ray'),
('210122000002', '2022-01-21 16:26:24', 25000, 25000, 0, 4, 'eceran', 'Yais'),
('210122000003', '2022-01-21 16:26:42', 25000, 25000, 0, 4, 'eceran', 'Yais'),
('210122000004', '2022-01-21 16:26:53', 25000, 25000, 0, 4, 'eceran', 'Yais'),
('210122000005', '2022-01-21 16:27:55', 25000, 25000, 0, 4, 'eceran', 'Yais'),
('210122000006', '2022-01-21 16:39:34', 50000, 100000, 50000, 4, 'eceran', 'gos'),
('220122000007', '2022-01-22 07:14:11', 25000, 50000, 25000, 4, 'eceran', 'a'),
('220122000008', '2022-01-22 07:16:32', 25000, 50000, 25000, 4, 'eceran', '1'),
('220122000009', '2022-01-22 07:18:48', 22000, 50000, 28000, 4, 'eceran', 'a'),
('220122000010', '2022-01-22 07:20:16', 22000, 50000, 28000, 4, 'eceran', '1'),
('220122000011', '2022-01-22 07:33:50', 25000, 50000, 25000, 4, 'eceran', '1');

-- --------------------------------------------------------

--
-- Table structure for table `tbl_kategori`
--

CREATE TABLE `tbl_kategori` (
  `kategori_id` int(11) NOT NULL,
  `kategori_nama` varchar(35) DEFAULT NULL
) ENGINE=InnoDB DEFAULT CHARSET=latin1;

--
-- Dumping data for table `tbl_kategori`
--

INSERT INTO `tbl_kategori` (`kategori_id`, `kategori_nama`) VALUES
(40, 'Gelas'),
(41, 'Piring'),
(42, 'TOOLS');

-- --------------------------------------------------------

--
-- Table structure for table `tbl_pelanggan`
--

CREATE TABLE `tbl_pelanggan` (
  `pelanggan_id` varchar(15) NOT NULL,
  `pelanggan_nama` varchar(50) NOT NULL,
  `pelanggan_alamat` varchar(50) NOT NULL,
  `pelanggan_notlpn` varchar(20) NOT NULL
) ENGINE=InnoDB DEFAULT CHARSET=latin1;

--
-- Dumping data for table `tbl_pelanggan`
--

INSERT INTO `tbl_pelanggan` (`pelanggan_id`, `pelanggan_nama`, `pelanggan_alamat`, `pelanggan_notlpn`) VALUES
('P0001', 'Bahyu Sanciko', 'JL AA', '089682261128'),
('P0002', 'Sella Purwita Sari', 'JL BB', '02139814132'),
('P0004', 'ijak', 'Bondowoso', '0858585858');

-- --------------------------------------------------------

--
-- Table structure for table `tbl_retur`
--

CREATE TABLE `tbl_retur` (
  `retur_id` int(11) NOT NULL,
  `retur_tanggal` timestamp NULL DEFAULT current_timestamp(),
  `retur_barang_id` varchar(15) DEFAULT NULL,
  `retur_barang_nama` varchar(150) DEFAULT NULL,
  `retur_barang_satuan` varchar(30) DEFAULT NULL,
  `retur_harjul` double DEFAULT NULL,
  `retur_qty` int(11) DEFAULT NULL,
  `retur_subtotal` double DEFAULT NULL,
  `retur_keterangan` varchar(150) DEFAULT NULL
) ENGINE=InnoDB DEFAULT CHARSET=latin1;

-- --------------------------------------------------------

--
-- Table structure for table `tbl_suplier`
--

CREATE TABLE `tbl_suplier` (
  `suplier_id` int(11) NOT NULL,
  `suplier_nama` varchar(35) DEFAULT NULL,
  `suplier_alamat` varchar(60) DEFAULT NULL,
  `suplier_notelp` varchar(20) DEFAULT NULL
) ENGINE=InnoDB DEFAULT CHARSET=latin1;

--
-- Dumping data for table `tbl_suplier`
--

INSERT INTO `tbl_suplier` (`suplier_id`, `suplier_nama`, `suplier_alamat`, `suplier_notelp`) VALUES
(8, 'PT Jaya Abadi', 'Jln Raya Siapa', '081218875567');

-- --------------------------------------------------------

--
-- Table structure for table `tbl_user`
--

CREATE TABLE `tbl_user` (
  `user_id` int(11) NOT NULL,
  `user_nama` varchar(35) DEFAULT NULL,
  `user_username` varchar(30) DEFAULT NULL,
  `user_password` varchar(35) DEFAULT NULL,
  `user_level` varchar(2) DEFAULT NULL,
  `user_status` varchar(2) DEFAULT '1'
) ENGINE=InnoDB DEFAULT CHARSET=latin1;

--
-- Dumping data for table `tbl_user`
--

INSERT INTO `tbl_user` (`user_id`, `user_nama`, `user_username`, `user_password`, `user_level`, `user_status`) VALUES
(1, 'Bahyu Sanciko', 'bahyu', '21232f297a57a5a743894a0e4a801fc3', '1', '1'),
(2, 'kasir', 'kasir', 'c7911af3adbd12a035b289556d96470a', '2', '1'),
(3, 'gudang', 'gudang', '202446dd1d6028084426867365b0c7a1', '3', '1'),
(4, 'admin', 'admin', '21232f297a57a5a743894a0e4a801fc3', '1', '1'),
(5, 'Kasir', 'Kasir2', 'c7911af3adbd12a035b289556d96470a', '2', '1');

--
-- Indexes for dumped tables
--

--
-- Indexes for table `tbl_barang`
--
ALTER TABLE `tbl_barang`
  ADD PRIMARY KEY (`barang_id`),
  ADD KEY `barang_user_id` (`barang_user_id`),
  ADD KEY `barang_kategori_id` (`barang_kategori_id`),
  ADD KEY `suplier_id` (`suplier_id`);

--
-- Indexes for table `tbl_beli`
--
ALTER TABLE `tbl_beli`
  ADD PRIMARY KEY (`beli_kode`),
  ADD KEY `beli_user_id` (`beli_user_id`),
  ADD KEY `beli_suplier_id` (`beli_suplier_id`),
  ADD KEY `beli_id` (`beli_kode`);

--
-- Indexes for table `tbl_detail_beli`
--
ALTER TABLE `tbl_detail_beli`
  ADD PRIMARY KEY (`d_beli_id`),
  ADD KEY `d_beli_barang_id` (`d_beli_barang_id`),
  ADD KEY `d_beli_nofak` (`d_beli_nofak`),
  ADD KEY `d_beli_kode` (`d_beli_kode`);

--
-- Indexes for table `tbl_detail_jual`
--
ALTER TABLE `tbl_detail_jual`
  ADD PRIMARY KEY (`d_jual_id`),
  ADD KEY `d_jual_barang_id` (`d_jual_barang_id`),
  ADD KEY `d_jual_nofak` (`d_jual_nofak`);

--
-- Indexes for table `tbl_jual`
--
ALTER TABLE `tbl_jual`
  ADD PRIMARY KEY (`jual_nofak`),
  ADD KEY `jual_user_id` (`jual_user_id`);

--
-- Indexes for table `tbl_kategori`
--
ALTER TABLE `tbl_kategori`
  ADD PRIMARY KEY (`kategori_id`);

--
-- Indexes for table `tbl_pelanggan`
--
ALTER TABLE `tbl_pelanggan`
  ADD PRIMARY KEY (`pelanggan_id`) USING BTREE;

--
-- Indexes for table `tbl_retur`
--
ALTER TABLE `tbl_retur`
  ADD PRIMARY KEY (`retur_id`);

--
-- Indexes for table `tbl_suplier`
--
ALTER TABLE `tbl_suplier`
  ADD PRIMARY KEY (`suplier_id`);

--
-- Indexes for table `tbl_user`
--
ALTER TABLE `tbl_user`
  ADD PRIMARY KEY (`user_id`);

--
-- AUTO_INCREMENT for dumped tables
--

--
-- AUTO_INCREMENT for table `tbl_detail_beli`
--
ALTER TABLE `tbl_detail_beli`
  MODIFY `d_beli_id` int(11) NOT NULL AUTO_INCREMENT, AUTO_INCREMENT=6;

--
-- AUTO_INCREMENT for table `tbl_detail_jual`
--
ALTER TABLE `tbl_detail_jual`
  MODIFY `d_jual_id` int(11) NOT NULL AUTO_INCREMENT, AUTO_INCREMENT=26;

--
-- AUTO_INCREMENT for table `tbl_kategori`
--
ALTER TABLE `tbl_kategori`
  MODIFY `kategori_id` int(11) NOT NULL AUTO_INCREMENT, AUTO_INCREMENT=43;

--
-- AUTO_INCREMENT for table `tbl_retur`
--
ALTER TABLE `tbl_retur`
  MODIFY `retur_id` int(11) NOT NULL AUTO_INCREMENT, AUTO_INCREMENT=10;

--
-- AUTO_INCREMENT for table `tbl_suplier`
--
ALTER TABLE `tbl_suplier`
  MODIFY `suplier_id` int(11) NOT NULL AUTO_INCREMENT, AUTO_INCREMENT=9;

--
-- AUTO_INCREMENT for table `tbl_user`
--
ALTER TABLE `tbl_user`
  MODIFY `user_id` int(11) NOT NULL AUTO_INCREMENT, AUTO_INCREMENT=6;

--
-- Constraints for dumped tables
--

--
-- Constraints for table `tbl_barang`
--
ALTER TABLE `tbl_barang`
  ADD CONSTRAINT `tbl_barang_ibfk_1` FOREIGN KEY (`barang_user_id`) REFERENCES `tbl_user` (`user_id`) ON UPDATE CASCADE,
  ADD CONSTRAINT `tbl_barang_ibfk_2` FOREIGN KEY (`barang_kategori_id`) REFERENCES `tbl_kategori` (`kategori_id`) ON UPDATE CASCADE,
  ADD CONSTRAINT `tbl_barang_ibfk_3` FOREIGN KEY (`suplier_id`) REFERENCES `tbl_suplier` (`suplier_id`);

--
-- Constraints for table `tbl_beli`
--
ALTER TABLE `tbl_beli`
  ADD CONSTRAINT `tbl_beli_ibfk_1` FOREIGN KEY (`beli_user_id`) REFERENCES `tbl_user` (`user_id`) ON UPDATE CASCADE,
  ADD CONSTRAINT `tbl_beli_ibfk_2` FOREIGN KEY (`beli_suplier_id`) REFERENCES `tbl_suplier` (`suplier_id`) ON UPDATE CASCADE;

--
-- Constraints for table `tbl_detail_beli`
--
ALTER TABLE `tbl_detail_beli`
  ADD CONSTRAINT `tbl_detail_beli_ibfk_1` FOREIGN KEY (`d_beli_barang_id`) REFERENCES `tbl_barang` (`barang_id`) ON UPDATE CASCADE,
  ADD CONSTRAINT `tbl_detail_beli_ibfk_2` FOREIGN KEY (`d_beli_kode`) REFERENCES `tbl_beli` (`beli_kode`) ON UPDATE CASCADE;

--
-- Constraints for table `tbl_detail_jual`
--
ALTER TABLE `tbl_detail_jual`
  ADD CONSTRAINT `tbl_detail_jual_ibfk_1` FOREIGN KEY (`d_jual_barang_id`) REFERENCES `tbl_barang` (`barang_id`) ON UPDATE CASCADE,
  ADD CONSTRAINT `tbl_detail_jual_ibfk_2` FOREIGN KEY (`d_jual_nofak`) REFERENCES `tbl_jual` (`jual_nofak`) ON UPDATE CASCADE;

--
-- Constraints for table `tbl_jual`
--
ALTER TABLE `tbl_jual`
  ADD CONSTRAINT `tbl_jual_ibfk_1` FOREIGN KEY (`jual_user_id`) REFERENCES `tbl_user` (`user_id`) ON UPDATE CASCADE;
COMMIT;

/*!40101 SET CHARACTER_SET_CLIENT=@OLD_CHARACTER_SET_CLIENT */;
/*!40101 SET CHARACTER_SET_RESULTS=@OLD_CHARACTER_SET_RESULTS */;
/*!40101 SET COLLATION_CONNECTION=@OLD_COLLATION_CONNECTION */;
