-- phpMyAdmin SQL Dump
-- version 5.1.1
-- https://www.phpmyadmin.net/
--
-- Host: 127.0.0.1
-- Generation Time: Jan 24, 2022 at 07:44 AM
-- Server version: 10.4.22-MariaDB
-- PHP Version: 7.4.27

SET SQL_MODE = "NO_AUTO_VALUE_ON_ZERO";
START TRANSACTION;
SET time_zone = "+00:00";


/*!40101 SET @OLD_CHARACTER_SET_CLIENT=@@CHARACTER_SET_CLIENT */;
/*!40101 SET @OLD_CHARACTER_SET_RESULTS=@@CHARACTER_SET_RESULTS */;
/*!40101 SET @OLD_COLLATION_CONNECTION=@@COLLATION_CONNECTION */;
/*!40101 SET NAMES utf8mb4 */;

--
-- Database: `pos1`
--

-- --------------------------------------------------------

--
-- Table structure for table `tbl_barang`
--

CREATE TABLE `tbl_barang` (
  `barang_id` varchar(15) NOT NULL,
  `barang_nama` varchar(150) DEFAULT NULL,
  `barang_satuan` varchar(30) DEFAULT NULL,
  `barang_harpok` double DEFAULT NULL,
  `barang_harjul` double DEFAULT NULL,
  `barang_harjul_grosir` double DEFAULT NULL,
  `barang_stok` int(11) DEFAULT 0,
  `barang_min_stok` int(11) DEFAULT 0,
  `barang_tgl_input` timestamp NULL DEFAULT current_timestamp(),
  `barang_tgl_last_update` datetime DEFAULT NULL,
  `barang_kategori_id` int(11) DEFAULT NULL,
  `barang_user_id` int(11) DEFAULT NULL,
  `suplier_id` int(11) NOT NULL
) ENGINE=InnoDB DEFAULT CHARSET=latin1;

--
-- Dumping data for table `tbl_barang`
--

INSERT INTO `tbl_barang` (`barang_id`, `barang_nama`, `barang_satuan`, `barang_harpok`, `barang_harjul`, `barang_harjul_grosir`, `barang_stok`, `barang_min_stok`, `barang_tgl_input`, `barang_tgl_last_update`, `barang_kategori_id`, `barang_user_id`, `suplier_id`) VALUES
('PJ000001', 'YAMAMAX 8800RR', 'Unit', 0, 2, 1, 2, 0, '2022-01-23 02:58:19', NULL, 43, 4, 9),
('PJ000002', 'GENERAL ET7000CE', 'Unit', 0, 2, 1, 1, 0, '2022-01-23 02:59:52', NULL, 43, 4, 10),
('PJ000003', 'GENERAL ET10000CE', 'Unit', 0, 1, 2, 1, 0, '2022-01-23 03:00:22', NULL, 43, 4, 10),
('PJ000004', 'TIGER 8800E', 'Unit', 0, 2, 1, 3, 0, '2022-01-23 03:02:27', NULL, 43, 4, 11),
('PJ000005', 'STARKE GFH5900', 'Unit', 0, 2, 1, 7, 0, '2022-01-23 03:03:41', NULL, 43, 4, 11),
('PJ000006', 'TIGER 5000', 'Unit', 0, 2, 1, 4, 0, '2022-01-23 03:04:17', '2022-01-22 19:16:50', 43, 4, 11),
('PJ000007', 'TIGER 2880', 'Unit', 0, 2, 1, 5, 0, '2022-01-23 03:04:44', NULL, 43, 4, 11),
('PJ000008', 'TIGER 3000', 'Unit', 0, 2, 1, 2, 0, '2022-01-23 03:06:13', NULL, 43, 4, 11),
('PJ000009', 'TANOS 1000W', 'Unit', 0, 2, 1, 4, 0, '2022-01-23 03:08:34', '2022-01-22 22:38:44', 43, 4, 11),
('PJ000010', 'PROQUIP RG2800', 'Unit', 0, 2, 1, 1, 0, '2022-01-23 03:09:46', NULL, 43, 4, 11),
('PJ000011', 'GENERAL ET9000CE', 'Unit', 0, 2, 1, 1, 0, '2022-01-23 03:10:30', NULL, 43, 4, 10),
('PJ000012', 'YAMAMAX 4400RR', 'Unit', 0, 2, 1, 1, 0, '2022-01-23 03:10:57', NULL, 43, 4, 9),
('PJ000013', 'YAMAMAX 9800RR', 'Unit', 0, 2, 1, 1, 0, '2022-01-23 03:12:28', NULL, 43, 4, 9),
('PJ000014', 'STARKE GFH10900', 'Unit', 0, 2, 1, 1, 0, '2022-01-23 03:13:00', NULL, 43, 4, 11),
('PJ000015', 'Kompressor Swan 1/2 HP', 'Unit', 0, 0, 0, 2, 0, '2022-01-23 03:13:13', NULL, 44, 4, 12),
('PJ000016', 'Kompressor Mitsui 1/4 HP', 'Unit', 0, 0, 0, 5, 0, '2022-01-23 03:14:35', NULL, 44, 4, 13),
('PJ000017', 'Kompressor Mitsui 1/4 HP Auto', 'Unit', 0, 0, 0, 1, 0, '2022-01-23 03:15:01', NULL, 44, 4, 13),
('PJ000018', 'Kompressor Mitsui 1/2 HP Auto', 'Unit', 0, 0, 0, 1, 0, '2022-01-23 03:15:40', NULL, 44, 4, 13),
('PJ000019', 'Kompressor MItsui 1/2 HP', 'Unit', 0, 0, 0, 1, 0, '2022-01-23 03:16:00', NULL, 44, 4, 13),
('PJ000020', 'LAKONI ZEUS', 'Unit', 0, 2, 1, 2, 0, '2022-01-23 03:16:15', NULL, 43, 4, 13),
('PJ000021', 'Kompressor Mitsui 1 HP', 'Unit', 0, 0, 0, 1, 0, '2022-01-23 03:16:19', NULL, 44, 4, 13),
('PJ000022', 'Kompressor SDP 1/4 HP', 'Unit', 0, 0, 0, 5, 0, '2022-01-23 03:17:04', NULL, 44, 4, 14),
('PJ000023', 'Kompressor Marlin 1/4 HP', 'Unit', 0, 0, 0, 2, 0, '2022-01-23 03:17:26', NULL, 44, 4, 14),
('PJ000024', 'POTENZA 3700', 'Unit', 0, 2, 1, 1, 0, '2022-01-23 03:18:38', NULL, 43, 4, 15),
('PJ000025', 'Kompressor Gat 1/4 HP', 'Unit', 0, 0, 0, 5, 0, '2022-01-23 03:18:41', NULL, 44, 4, 16),
('PJ000026', 'YAMAMAX WB30XT', 'Unit', 0, 2, 1, 3, 0, '2022-01-23 03:23:07', NULL, 45, 4, 17),
('PJ000027', 'YAMAMAX WP80XT/ 3\"', 'Unit', 0, 2, 1, 1, 0, '2022-01-23 03:23:55', NULL, 45, 4, 17),
('PJ000028', 'Potong Beton Wipro 5/8', 'Unit', 0, 0, 0, 2, 0, '2022-01-23 03:24:26', NULL, 46, 4, 18),
('PJ000029', 'YAMAMAX WP10XT/2T', 'Unit', 0, 2, 1, 2, 0, '2022-01-23 03:24:37', NULL, 45, 4, 17),
('PJ000030', 'YAMAMAX WB10XT/4T', 'Unit', 0, 2, 1, 1, 0, '2022-01-23 03:25:06', NULL, 45, 4, 17),
('PJ000031', 'Potong Beton Prohex 5/8', 'Unit', 0, 0, 0, 3, 0, '2022-01-23 03:25:38', NULL, 46, 4, 19),
('PJ000032', 'MUSTANG WP20', 'Unit', 0, 2, 1, 4, 0, '2022-01-23 03:26:06', NULL, 45, 4, 11),
('PJ000033', 'Potong Plat Wipro 6R ', 'Unit', 0, 0, 0, 1, 0, '2022-01-23 03:26:24', NULL, 46, 4, 18),
('PJ000034', 'Potong Beton Prohex 3/4 ', 'Unit', 0, 0, 0, 1, 0, '2022-01-23 03:27:03', NULL, 46, 4, 19),
('PJ000035', 'MUSTANG WP30', 'Unit', 0, 2, 1, 2, 0, '2022-01-23 03:27:14', NULL, 45, 4, 11),
('PJ000036', 'Potong Beton Prohex 1\"', 'Unit', 0, 0, 0, 1, 0, '2022-01-23 03:28:26', NULL, 46, 4, 19),
('PJ000037', 'TIGER TGP80', 'Unit', 0, 2, 1, 1, 0, '2022-01-23 03:29:13', NULL, 45, 4, 20),
('PJ000038', 'Deep SOK Tekiro 8mm S12', 'PCS', 0, 0, 0, 10, 0, '2022-01-23 03:32:26', NULL, 47, 4, 21),
('PJ000039', 'HONDA WL30XN', 'Unit', 0, 2, 1, 1, 0, '2022-01-23 03:32:31', NULL, 45, 4, 14),
('PJ000040', 'Deep SOK Tekiro 10mm S6', 'PCS', 0, 0, 0, 20, 0, '2022-01-23 03:33:05', NULL, 47, 4, 21),
('PJ000041', 'Deep SOK Tekiro 12mm S12', 'PCS', 0, 0, 0, 32, 0, '2022-01-23 03:33:45', NULL, 47, 4, 21),
('PJ000042', 'Deep SOK Tekiro 13mm S6', 'PCS', 0, 0, 0, 20, 0, '2022-01-23 03:34:39', NULL, 47, 4, 21),
('PJ000043', 'Deep SOK Tekiro 13mm S12', 'PCS', 0, 0, 0, 10, 0, '2022-01-23 03:35:16', NULL, 47, 4, 21),
('PJ000044', 'DYNAMO CRONOS 1/2HP 4P', 'Unit', 0, 2, 1, 5, 0, '2022-01-23 03:35:37', NULL, 48, 4, 13),
('PJ000045', 'Deep SOK Tekiro 14mm S6', 'PCS', 0, 0, 0, 8, 0, '2022-01-23 03:35:38', NULL, 47, 4, 21),
('PJ000046', 'Deep SOK Tekiro 14mm S12', 'PCS', 0, 0, 0, 14, 0, '2022-01-23 03:36:00', NULL, 47, 4, 21),
('PJ000047', 'DYNAMO CRONOS 1HP 4P', 'Unit', 0, 2, 1, 3, 0, '2022-01-23 03:36:08', NULL, 48, 4, 13),
('PJ000048', 'DYNAMO WIPRO 3HP', 'Unit', 0, 2, 1, 1, 0, '2022-01-23 03:36:52', NULL, 48, 4, 18),
('PJ000049', 'DYNAMO WIPRO 1 1/2HP 2P', 'Unit', 0, 2, 1, 2, 0, '2022-01-23 03:37:31', NULL, 48, 4, 18),
('PJ000050', 'Deep SOK Tekiro 15mm S6', 'PCS', 0, 0, 0, 10, 0, '2022-01-23 03:37:51', '2022-01-22 19:38:23', 47, 4, 21),
('PJ000051', 'DYNAMO WIPRO 1HP 2P', 'Unit', 0, 2, 1, 1, 0, '2022-01-23 03:38:00', NULL, 48, 4, 18),
('PJ000052', 'Deep SOK Tekiro 17mm S6', 'PCS', 0, 0, 0, 9, 0, '2022-01-23 03:38:50', NULL, 47, 4, 21),
('PJ000053', 'DYNAMO WIPRO 1/4HP 2P', 'Unit', 0, 2, 1, 1, 0, '2022-01-23 03:38:51', NULL, 48, 4, 18),
('PJ000054', 'Deep SOK Tekiro 17mm S12', 'PCS', 0, 0, 0, 5, 0, '2022-01-23 03:39:22', NULL, 47, 4, 21),
('PJ000055', 'Deep SOK Tekiro 18mm S6', 'PCS', 0, 0, 0, 5, 0, '2022-01-23 03:39:36', NULL, 47, 4, 21),
('PJ000056', 'Deep SOK Tekiro 18mm S12', 'PCS', 0, 0, 0, 10, 0, '2022-01-23 03:39:51', NULL, 47, 4, 21),
('PJ000057', 'Deep SOK Tekiro 19mm S6', 'PCS', 0, 0, 0, 15, 0, '2022-01-23 03:40:09', NULL, 47, 4, 21),
('PJ000058', 'Deep SOK Tekiro 19mm S12', 'PCS', 0, 0, 0, 5, 0, '2022-01-23 03:40:40', NULL, 47, 4, 21),
('PJ000059', 'DYNAMO WIPRO 1/2HP 2P', 'Unit', 0, 2, 1, 2, 0, '2022-01-23 03:40:49', '2022-01-22 19:41:45', 48, 4, 18),
('PJ000060', 'Deep SOK Tekiro 24mm S6', 'PCS', 0, 0, 0, 5, 0, '2022-01-23 03:41:03', NULL, 47, 4, 21),
('PJ000061', 'Deep SOK Tekiro 29mm S6', 'PCS', 0, 0, 0, 3, 0, '2022-01-23 03:41:24', NULL, 47, 4, 21),
('PJ000062', 'DYNAMO WIPRO 1/2HP 4P', 'Unit', 0, 2, 1, 2, 0, '2022-01-23 03:41:32', NULL, 48, 4, 18),
('PJ000063', 'Deep SOK Tekiro 30mm S12', 'PCS', 0, 0, 0, 5, 0, '2022-01-23 03:41:41', NULL, 47, 4, 21),
('PJ000064', 'Deep SOK Tekiro 12mm S6', 'PCS', 0, 0, 0, 24, 0, '2022-01-23 03:42:00', '2022-01-22 19:42:46', 47, 4, 21),
('PJ000065', 'DYNAMO WIPRO 1HP 4P', 'Unit', 0, 2, 1, 2, 0, '2022-01-23 03:42:21', NULL, 48, 4, 18),
('PJ000066', 'Deep SOK Tekiro 8mm S6', 'PCS', 0, 0, 0, 20, 0, '2022-01-23 03:42:27', NULL, 47, 4, 21),
('PJ000067', 'Deep SOK Tekiro 32mm S6', 'PCS', 0, 0, 0, 3, 0, '2022-01-23 03:43:37', NULL, 47, 4, 21),
('PJ000068', 'DYNAMO VEMA 3HP 4P', 'Unit', 0, 2, 0, 2, 0, '2022-01-23 03:44:09', NULL, 48, 4, 22),
('PJ000069', 'DYNAMO VEMA 2HP 2P', 'Unit', 0, 2, 1, 1, 0, '2022-01-23 03:44:41', NULL, 48, 4, 22),
('PJ000070', 'Deep SOK Wipro 12mm S6', 'PCS', 0, 0, 0, 5, 0, '2022-01-23 03:44:50', NULL, 49, 4, 18),
('PJ000071', 'Deep SOK Wipro 17mm S12', 'PCS', 0, 0, 0, 4, 0, '2022-01-23 03:45:13', NULL, 49, 4, 18),
('PJ000072', 'Deep SOK Wipro 22mm S6', 'PCS', 0, 0, 0, 17, 0, '2022-01-23 03:45:30', NULL, 49, 4, 18),
('PJ000073', 'DYNAMO VEMA 2HP 4P', 'Unit', 0, 2, 1, 2, 0, '2022-01-23 03:45:39', NULL, 48, 4, 22),
('PJ000074', 'DYNAMO VEMA 1HP 4P', 'Unit', 0, 2, 1, 3, 0, '2022-01-23 03:46:14', '2022-01-22 19:48:24', 48, 4, 22),
('PJ000075', 'DYNAMO VEMA 1HP 2P', 'Unit', 0, 2, 1, 3, 0, '2022-01-23 03:46:51', NULL, 48, 4, 22),
('PJ000076', 'DYNAMO VEMA 3/4HP 4P', 'Unit', 0, 2, 1, 2, 0, '2022-01-23 03:47:23', NULL, 48, 4, 22),
('PJ000077', 'Deep SOK Lipro 30mm S6', 'PCS', 0, 0, 0, 2, 0, '2022-01-23 03:47:41', NULL, 50, 4, 13),
('PJ000078', 'DYNAMO VEMA 1/2HP 2P', 'Unit', 0, 2, 1, 2, 0, '2022-01-23 03:47:53', NULL, 48, 4, 22),
('PJ000079', 'Deep SOK Lipro 17mm S12', 'PCS', 0, 0, 0, 5, 0, '2022-01-23 03:47:58', NULL, 50, 4, 13),
('PJ000080', 'Deep SOK Lipro 32mm S6', 'PCS', 0, 0, 0, 9, 0, '2022-01-23 03:48:23', NULL, 50, 4, 13),
('PJ000081', 'Deep SOK Lipro 21mm S6', 'PCS', 0, 0, 0, 2, 0, '2022-01-23 03:48:41', NULL, 50, 4, 13),
('PJ000082', 'DYNAMO VEMA 1/2HP 4P', 'Unit', 0, 2, 1, 2, 0, '2022-01-23 03:49:00', NULL, 48, 4, 22),
('PJ000083', 'DYNAMO VEMA 1/4HP 2P', 'Unit', 0, 2, 1, 4, 0, '2022-01-23 03:49:32', NULL, 48, 4, 22),
('PJ000084', 'Kunci Busi Wipro 16mm', 'PCS', 0, 0, 0, 8, 0, '2022-01-23 03:49:55', NULL, 49, 4, 18),
('PJ000085', 'DYNAMO VEMA 1/4HP 4P', 'Unit', 0, 2, 1, 3, 0, '2022-01-23 03:49:57', NULL, 48, 4, 22),
('PJ000086', 'Kunci Busi Wipro 20.8mm', 'PCS', 0, 0, 0, 14, 0, '2022-01-23 03:50:19', NULL, 49, 4, 18),
('PJ000087', 'LAKONI FRESCO 130X', 'Unit', 0, 2, 1, 2, 0, '2022-01-23 03:51:11', NULL, 44, 4, 13),
('PJ000088', 'Kunci Busi Lakoni 21mm', 'PCS', 0, 0, 0, 6, 0, '2022-01-23 03:51:19', NULL, 51, 4, 23),
('PJ000089', 'Kunci Busi Tekiro 16mm', 'PCS', 0, 0, 0, 4, 0, '2022-01-23 05:19:10', NULL, 47, 4, 21),
('PJ000090', 'LAKONI FRESCO 110X', 'Unit', 0, 2, 1, 2, 0, '2022-01-23 05:19:14', NULL, 44, 4, 13),
('PJ000091', 'Kunci Busi Cap Mata 16mm 3/8\"', 'PCS', 0, 0, 0, 4, 0, '2022-01-23 05:20:23', NULL, 52, 4, 24),
('PJ000092', 'LAKONI IMOLA 125', 'Unit', 1180000, 1350000, 1, 11, 0, '2022-01-23 05:21:19', '2022-01-23 00:13:08', 44, 4, 25),
('PJ000093', 'SOK 1/2\" 6PT Lipro 8mm', 'PCS', 0, 0, 0, 10, 0, '2022-01-23 05:21:46', NULL, 50, 4, 13),
('PJ000094', 'LAKONI BASIC 25S', 'Unit', 0, 2, 1, 3, 0, '2022-01-23 05:22:02', NULL, 44, 4, 13),
('PJ000095', 'SOK 1/2\" 6PT Tekiro 8mm', 'PCS', 0, 0, 0, 11, 0, '2022-01-23 05:22:32', NULL, 47, 4, 21),
('PJ000096', 'LAKONI BASIC 9S', 'Unit', 0, 2, 1, 10, 0, '2022-01-23 05:22:42', NULL, 44, 4, 13),
('PJ000097', 'SOK 1/2\" 6PT Wipro 8mm', 'PCS', 0, 0, 0, 10, 0, '2022-01-23 05:22:53', NULL, 49, 4, 18),
('PJ000098', 'SOK 1/2\" 6PT Kingtony 8mm', 'PCS', 0, 0, 0, 35, 0, '2022-01-23 05:23:46', NULL, 52, 4, 26),
('PJ000099', 'IZUMI 3/4 HP OILESS 9L', 'Unit', 0, 2, 1, 10, 0, '2022-01-23 05:24:14', NULL, 44, 4, 23),
('PJ000100', 'SOK 1/2\" 6PT KWT 8mm', 'PCS', 0, 0, 0, 7, 0, '2022-01-23 05:24:23', NULL, 52, 4, 24),
('PJ000101', 'SOK 1/2\" 6PT Lipro 10mm', 'PCS', 0, 0, 0, 38, 0, '2022-01-23 05:24:46', NULL, 50, 4, 13),
('PJ000102', 'SOK 1/2\" 6PT Tekiro 10mm', 'PCS', 0, 0, 0, 13, 0, '2022-01-23 05:25:05', NULL, 47, 4, 21),
('PJ000103', 'SOK 1/2\" 6PT IWT 10mm', 'PCS', 0, 0, 0, 3, 0, '2022-01-23 05:25:32', NULL, 52, 4, 24),
('PJ000104', 'IZUMI 1 HP OLI 24L', 'Unit', 0, 2, 1, 9, 0, '2022-01-23 05:25:33', NULL, 44, 4, 23),
('PJ000105', 'SOK 1/2\" 6PT WIpro 12mm', 'PCS', 0, 0, 0, 20, 0, '2022-01-23 05:25:51', NULL, 49, 4, 18),
('PJ000106', 'SOK 1/2\" 6PT Lipro 12mm', 'PCS', 0, 0, 0, 19, 0, '2022-01-23 05:26:07', NULL, 50, 4, 13),
('PJ000107', 'IZUMI 3/4 HP OLI 9L', 'Unit', 0, 2, 1, 7, 0, '2022-01-23 05:26:18', NULL, 44, 4, 23),
('PJ000108', 'SOK 1/2\" 6PT Tekiro 14mm', 'PCS', 0, 0, 0, 25, 0, '2022-01-23 05:26:25', NULL, 47, 4, 21),
('PJ000109', 'SOK 1/2\" 6PT Tekiro 11mm', 'PCS', 0, 0, 0, 10, 0, '2022-01-23 05:27:00', NULL, 47, 4, 21),
('PJ000110', 'SOK 1/2\" 6PT Wipro 13mm', 'PCS', 0, 0, 0, 17, 0, '2022-01-23 05:27:16', NULL, 49, 4, 18),
('PJ000111', 'DOZIRO 1HP 24L', 'Unit', 0, 2, 1, 2, 0, '2022-01-23 05:27:32', NULL, 44, 4, 27),
('PJ000112', 'SOK 1/2\" 6PT Tekiro 15mm', 'PCS', 0, 0, 0, 10, 0, '2022-01-23 05:27:32', NULL, 47, 4, 21),
('PJ000113', 'SOK 1/2\" 6PT Tekiro 17mm', 'PCS', 0, 0, 0, 16, 0, '2022-01-23 05:27:53', NULL, 47, 4, 21),
('PJ000114', 'POWER ONE 3/4 HP', 'Unit', 0, 2, 1, 5, 0, '2022-01-23 05:28:05', NULL, 44, 4, 15),
('PJ000115', 'SOK 1/2\" 6PT Tekiro 19mm', 'PCS', 0, 0, 0, 14, 0, '2022-01-23 05:28:15', NULL, 47, 4, 21),
('PJ000116', 'SOK 1/2\" 6PT Tekiro 18mm', 'PCS', 0, 0, 0, 17, 0, '2022-01-23 05:28:53', NULL, 47, 4, 21),
('PJ000117', 'SOK 1/2\" 6PT Tekiro 22mm', 'PCS', 0, 0, 0, 23, 0, '2022-01-23 05:29:08', NULL, 47, 4, 21),
('PJ000118', 'SANCHIN 3/4 OILESS', 'Unit', 0, 2, 1, 3, 0, '2022-01-23 05:29:16', NULL, 44, 4, 28),
('PJ000119', 'SOK 1/2\" 6PT Tekiro 23mm', 'PCS', 0, 0, 0, 8, 0, '2022-01-23 05:29:33', NULL, 47, 4, 20),
('PJ000120', 'SOK 1/2\" 6PT Tekiro 27mm', 'PCS', 0, 0, 0, 12, 0, '2022-01-23 05:29:52', NULL, 47, 4, 21),
('PJ000121', 'BENZ 3/4 HP OILESS', 'Unit', 0, 2, 1, 1, 0, '2022-01-23 05:30:01', NULL, 44, 4, 23),
('PJ000122', 'SOK 1/2\" 6PT Tekiro 28mm', 'PCS', 0, 0, 0, 3, 0, '2022-01-23 05:30:22', NULL, 47, 4, 21),
('PJ000123', 'SOK 1/2\" 6PT Tekiro 32mm', 'PCS', 0, 0, 0, 10, 0, '2022-01-23 05:30:37', NULL, 47, 4, 21),
('PJ000124', 'LAZARO 3/4 HP OILESS', 'Unit', 0, 2, 1, 1, 0, '2022-01-23 05:31:02', NULL, 44, 4, 29),
('PJ000125', 'SOK 1/2\" 6PT Lipro 17mm', 'PCS', 0, 0, 0, 9, 0, '2022-01-23 05:31:23', NULL, 50, 4, 13),
('PJ000126', 'SOK 1/2\" 6PT Lipro 30mm', 'PCS', 0, 0, 0, 7, 0, '2022-01-23 05:31:45', NULL, 50, 4, 13),
('PJ000127', 'SOK 1/2\" 6PT Lipro 32mm', 'PCS', 0, 0, 0, 4, 0, '2022-01-23 05:32:22', NULL, 50, 4, 13),
('PJ000128', 'SOK 1/2\" 6PT Lipro 13mm', 'PCS', 0, 0, 0, 2, 0, '2022-01-23 05:32:37', NULL, 50, 4, 13),
('PJ000129', 'SOK 1/2\" 6PT Kingtony 10mm', 'PCS', 0, 0, 0, 5, 0, '2022-01-23 05:33:14', NULL, 52, 4, 26),
('PJ000130', 'SOK 1/2\" 6PT Toptul 10mm', 'PCS', 0, 0, 0, 17, 0, '2022-01-23 05:34:02', NULL, 52, 4, 28),
('PJ000131', 'SOK 1/2\" 6PT Toptul 12mm', 'PCS', 0, 0, 0, 11, 0, '2022-01-23 05:34:19', NULL, 52, 4, 28),
('PJ000132', 'SOK 1/2\" 6PT Molar 8mm', 'PCS', 0, 0, 0, 15, 0, '2022-01-23 05:34:46', NULL, 52, 4, 28),
('PJ000133', 'SOK 1/2\" 6PT Lipro 20mm', 'PCS', 0, 0, 0, 4, 0, '2022-01-23 05:35:08', NULL, 50, 4, 13),
('PJ000134', 'SOK 1/2\" 6PT Wipro 24mm', 'PCS', 0, 0, 0, 2, 0, '2022-01-23 05:35:24', NULL, 49, 4, 18),
('PJ000135', 'SOK 1/2\" 6PT Prohex 24mm', 'PCS', 0, 0, 0, 2, 0, '2022-01-23 05:35:42', NULL, 52, 4, 19),
('PJ000136', 'SOK 1/2\" 12PT Kingtony 8mm', 'PCS', 0, 0, 0, 19, 0, '2022-01-23 05:36:34', NULL, 52, 4, 26),
('PJ000137', 'SOK 1/2\" 12PT Tekiro 8mm', 'PCS', 0, 0, 0, 20, 0, '2022-01-23 05:37:37', NULL, 47, 4, 21),
('PJ000138', 'SOK 1/2\" 12PT Lipro 8mm', 'PCS', 0, 0, 0, 29, 0, '2022-01-23 05:38:23', NULL, 50, 4, 13),
('PJ000139', 'SOK 1/2\" 12PT IWT 8mm', 'PCS', 0, 0, 0, 8, 0, '2022-01-23 05:40:29', NULL, 52, 4, 24),
('PJ000140', 'SOK 1/2\" 12PT IWT 10mm', 'PCS', 0, 0, 0, 2, 0, '2022-01-23 05:40:47', NULL, 52, 4, 24),
('PJ000141', 'SOK 1/2\" 12PT Lipro 10mm', 'PCS', 0, 0, 0, 17, 0, '2022-01-23 05:41:12', NULL, 50, 4, 13),
('PJ000142', 'PTG RUMPUT DORONG LOMAX ', 'Unit', 0, 2, 1, 1, 0, '2022-01-23 05:41:34', NULL, 53, 4, 30),
('PJ000143', 'SOK 1/2\" 12PT Wipro 10mm', 'PCS', 0, 0, 0, 12, 0, '2022-01-23 05:41:37', NULL, 49, 4, 18),
('PJ000144', 'SOK 1/2\" 12PT Wipro 10mm', 'PCS', 0, 0, 0, 12, 0, '2022-01-23 05:45:01', NULL, 49, 4, 18),
('PJ000145', 'SOK 1/2\" 12PT Lipro 14mm', 'PCS', 0, 0, 0, 9, 0, '2022-01-23 05:45:24', NULL, 50, 4, 13),
('PJ000146', 'SOK 1/2\" 12PT Lipro 22mm', 'PCS', 0, 0, 0, 15, 0, '2022-01-23 05:45:42', NULL, 50, 4, 13),
('PJ000147', 'SOK 1/2\" 12PT Lipro 24mm', 'PCS', 0, 0, 0, 7, 0, '2022-01-23 05:46:01', '2022-01-22 21:59:00', 50, 4, 13),
('PJ000148', 'SOK 1/2\" 12PT Lipro 30mm', 'PCS', 0, 0, 0, 6, 0, '2022-01-23 05:46:15', NULL, 50, 4, 13),
('PJ000149', 'SOK 1/2\" 12PT Lipro 32mm', 'PCS', 0, 0, 0, 6, 0, '2022-01-23 05:46:31', NULL, 50, 4, 13),
('PJ000150', 'SOK 1/2\" 6PT Lipro 27mm', 'PCS', 0, 0, 0, 1, 0, '2022-01-23 05:48:00', '2022-01-22 21:52:53', 50, 4, 13),
('PJ000151', 'STIHL FR3001', 'Unit', 0, 2, 1, 7, 0, '2022-01-23 05:48:16', NULL, 53, 4, 31),
('PJ000152', 'SOK 1/2\" 12PT Lipro 17mm', 'PCS', 0, 0, 0, 1, 0, '2022-01-23 05:48:19', NULL, 50, 4, 13),
('PJ000153', 'SOK 1/2\" 12PT Tekiro 12mm', 'PCS', 0, 0, 0, 12, 0, '2022-01-23 05:48:37', NULL, 47, 4, 21),
('PJ000154', 'SOK 1/2\" 12PT Tekiro 17mm', 'PCS', 0, 0, 0, 27, 0, '2022-01-23 05:48:59', NULL, 47, 4, 21),
('PJ000155', 'SOK 1/2\" 12PT Tekiro 19mm', 'PCS', 0, 0, 0, 15, 0, '2022-01-23 05:49:18', NULL, 47, 4, 21),
('PJ000156', 'YAMAMAX YX35', 'Unit', 0, 2, 1, 6, 0, '2022-01-23 05:49:20', NULL, 53, 4, 9),
('PJ000157', 'SOK 1/2\" 12PT Tekiro 14mm', 'PCS', 0, 0, 0, 1, 0, '2022-01-23 05:49:33', NULL, 47, 4, 21),
('PJ000158', 'SOK 1/2\" 12PT Tekiro 24mm', 'PCS', 0, 0, 0, 1, 0, '2022-01-23 05:49:52', NULL, 47, 4, 21),
('PJ000159', 'SOK 1/2\" 12PT Tekiro 22mm', 'PCS', 0, 0, 0, 4, 0, '2022-01-23 05:50:10', NULL, 47, 4, 21),
('PJ000160', 'SOK 1/2 6PT Tekiro 29mm', 'PCS', 0, 0, 0, 2, 0, '2022-01-23 05:50:26', '2022-01-22 21:54:00', 47, 4, 21),
('PJ000161', 'YAMAMAX 338 PRO', 'Unit', 0, 2, 1, 4, 0, '2022-01-23 05:50:26', NULL, 53, 4, 9),
('PJ000162', 'SOK 1/2\" 12PT Tekiro 21mm', 'PCS', 0, 0, 0, 8, 0, '2022-01-23 05:50:44', NULL, 47, 4, 21),
('PJ000163', 'SOK 1/2\" 12PT Tekiro 16mm', 'PCS', 0, 0, 0, 4, 0, '2022-01-23 05:51:04', NULL, 47, 4, 21),
('PJ000164', 'CHAINSAW PROQUIP ', 'Unit', 0, 2, 1, 4, 0, '2022-01-23 05:51:21', NULL, 53, 4, 20),
('PJ000165', 'SOK 1/2\" 12PT Tekiro 30mm', 'PCS', 0, 0, 0, 10, 0, '2022-01-23 05:51:23', NULL, 47, 4, 21),
('PJ000166', 'SOK 1/2\" 12PT Wipro 14mm', 'PCS', 0, 0, 0, 2, 0, '2022-01-23 05:51:49', NULL, 49, 4, 18),
('PJ000167', 'VPRO CHAINSAW ', 'Unit', 0, 2, 1, 2, 0, '2022-01-23 05:51:50', NULL, 53, 4, 31),
('PJ000168', 'SOK 1/2\" 6PT Wipro 29mm', 'PCS', 0, 0, 0, 6, 0, '2022-01-23 05:52:28', NULL, 49, 4, 18),
('PJ000169', 'CHAINSAW RAMSES', 'Unit', 0, 2, 1, 4, 0, '2022-01-23 05:52:32', NULL, 53, 4, 20),
('PJ000170', 'CHAINSAW TANOSS', 'Unit', 0, 2, 1, 2, 0, '2022-01-23 05:53:03', NULL, 53, 4, 20),
('PJ000171', 'PTG RUMPUT POWER', 'Unit', 0, 2, 1, 1, 0, '2022-01-23 05:53:53', NULL, 53, 4, 13),
('PJ000172', 'SOK 1/2\" 12PT Wipro 19mm', 'PCS', 0, 0, 0, 5, 0, '2022-01-23 05:54:26', NULL, 49, 4, 18),
('PJ000173', 'SOK 1/2\" 12PT Wipro 17mm', 'PCS', 0, 0, 0, 2, 0, '2022-01-23 05:54:46', NULL, 49, 4, 18),
('PJ000174', 'PTG RUMPUT YAMAMAX 3001 PRO', 'Unit', 0, 2, 1, 1, 0, '2022-01-23 05:54:48', NULL, 53, 4, 9),
('PJ000175', 'CHAINSAW YAMAMAX GX58', 'Unit', 0, 2, 1, 1, 0, '2022-01-23 05:55:17', NULL, 53, 4, 9),
('PJ000176', 'SOK 1/2\" 12PT IWT 11mm', 'PCS', 0, 0, 0, 1, 0, '2022-01-23 05:55:28', NULL, 52, 4, 24),
('PJ000177', 'PTG RUMPUT EXCELL', 'Unit', 0, 2, 1, 1, 0, '2022-01-23 05:55:58', NULL, 53, 4, 20),
('PJ000178', 'FORTUNA 2.5M ', 'Unit', 0, 2, 1, 1, 0, '2022-01-23 06:00:29', NULL, 54, 4, 29),
('PJ000179', 'SOK 3/4\" 6PT Lipro 19mm', 'PCS', 0, 0, 0, 2, 0, '2022-01-23 06:01:06', NULL, 50, 4, 13),
('PJ000180', 'SOK 3/4\" 6PT Lipro 29mm', 'PCS', 0, 0, 0, 1, 0, '2022-01-23 06:01:30', NULL, 50, 4, 13),
('PJ000181', 'SOK 3/4\" 6PT Lipro 32mm', 'PCS', 0, 0, 0, 3, 0, '2022-01-23 06:01:45', NULL, 50, 4, 13),
('PJ000182', 'SOK 3/4\" 6PT Wipro 22mm', 'PCS', 0, 0, 0, 3, 0, '2022-01-23 06:02:25', NULL, 49, 4, 18),
('PJ000183', 'SOK 3/4\" 6PT Wipro 34mm', 'PCS', 0, 0, 0, 6, 0, '2022-01-23 06:04:06', NULL, 49, 4, 18),
('PJ000184', 'SOK 3/4\" 6PT Wipro 38mm', 'PCS', 0, 0, 0, 6, 0, '2022-01-23 06:04:30', NULL, 49, 4, 18),
('PJ000185', 'SOK 3/4\" 6PT Wipro 36mm', 'PCS', 0, 0, 0, 4, 0, '2022-01-23 06:04:48', NULL, 49, 4, 18),
('PJ000186', 'ENKEV 2.5M', 'Unit', 0, 2, 1, 3, 0, '2022-01-23 06:04:52', NULL, 54, 4, 32),
('PJ000187', 'SOK 3/4\" 6PT Wipro 30mm', 'PCS', 0, 0, 0, 3, 0, '2022-01-23 06:05:04', NULL, 49, 4, 18),
('PJ000188', 'SOK 3/4\" 6PT Wipro 41mm', 'PCS', 0, 0, 0, 4, 0, '2022-01-23 06:05:25', NULL, 49, 4, 18),
('PJ000189', 'SOK 3/4\" 6PT Wipro 42mm', 'PCS', 0, 0, 0, 3, 0, '2022-01-23 06:05:40', NULL, 49, 4, 18),
('PJ000190', 'SOK 3/4\" 6PT Wipro 44mm', 'PCS', 0, 0, 0, 4, 0, '2022-01-23 06:06:10', NULL, 49, 4, 18),
('PJ000191', 'SOK 3/4\" 6PT Wipro 50mm', 'PCS', 0, 0, 0, 1, 0, '2022-01-23 06:06:27', NULL, 49, 4, 18),
('PJ000192', 'SOK 3/4\" 6PT Wipro 52mm', 'PCS', 0, 0, 0, 2, 0, '2022-01-23 06:06:45', NULL, 49, 4, 18),
('PJ000193', 'SOK 3/4\" 6PT Wipro 54mm', 'PCS', 0, 0, 0, 2, 0, '2022-01-23 06:07:00', NULL, 49, 4, 18),
('PJ000194', 'ENKEV 3M', 'Unit', 0, 2, 1, 1, 0, '2022-01-23 06:07:15', NULL, 54, 4, 32),
('PJ000195', 'SOK 3/4\" 6PT Wipro 56mm', 'PCS', 0, 0, 0, 2, 0, '2022-01-23 06:07:17', NULL, 49, 4, 18),
('PJ000196', 'SOK 3/4\" 6PT Wipro 58mm', 'PCS', 0, 0, 0, 1, 0, '2022-01-23 06:07:33', NULL, 49, 4, 18),
('PJ000197', 'SOK 3/4\" 6PT Wipro 24mm', 'PCS', 0, 0, 0, 6, 0, '2022-01-23 06:07:48', NULL, 49, 4, 18),
('PJ000198', 'TELESCOPIK 3.8M', 'Unit', 0, 2, 1, 2, 0, '2022-01-23 06:08:39', NULL, 54, 4, 33),
('PJ000199', 'SOK 3/4\" 6PT Wipro 27mm', 'PCS', 0, 0, 0, 6, 0, '2022-01-23 06:09:08', NULL, 49, 4, 18),
('PJ000200', 'TELESCOPIK 4.4M', 'Unit', 0, 2, 1, 1, 0, '2022-01-23 06:09:15', NULL, 54, 4, 33),
('PJ000201', 'SOK 3/4\" 6PT Wipro 48mm', 'PCS', 0, 0, 0, 2, 0, '2022-01-23 06:09:22', NULL, 48, 4, 18),
('PJ000202', 'TELESCOPIK 3.2M', 'Unit', 0, 2, 1, 1, 0, '2022-01-23 06:09:39', NULL, 54, 4, 33),
('PJ000203', 'SOK 3/4\" 12PT Wipro 19mm', 'PCS', 0, 0, 0, 6, 0, '2022-01-23 06:09:51', NULL, 49, 4, 18),
('PJ000204', 'FORTUNA 1.5M ', 'Unit', 0, 2, 1, 2, 0, '2022-01-23 06:10:05', NULL, 54, 4, 29),
('PJ000205', 'SOK 3/4\" 12PT Kingtony 21mm', 'PCS', 0, 0, 0, 2, 0, '2022-01-23 06:10:23', NULL, 52, 4, 26),
('PJ000206', 'MATAHARI 1.5M', 'Unit', 0, 2, 1, 4, 0, '2022-01-23 06:10:31', NULL, 54, 4, 32),
('PJ000207', 'SOK 3/4\" 12PT Tekiro 30mm', 'PCS', 0, 0, 0, 3, 0, '2022-01-23 06:10:39', NULL, 47, 4, 21),
('PJ000208', 'MATAHARI 2M', 'Unit', 0, 2, 1, 2, 0, '2022-01-23 06:10:52', NULL, 54, 4, 32),
('PJ000209', 'SOK 3/4\" 12PT Lipro 32mm', 'PCS', 0, 0, 0, 1, 0, '2022-01-23 06:11:04', NULL, 50, 4, 13),
('PJ000210', 'SOK 3/4\" 12PT Wipro 38mm', 'PCS', 0, 0, 0, 2, 0, '2022-01-23 06:11:23', NULL, 49, 4, 18),
('PJ000211', 'ENKEV 1.5M', 'Unit', 0, 2, 1, 5, 0, '2022-01-23 06:11:27', NULL, 54, 4, 32),
('PJ000212', 'SOK 3/4\" 12PT Lipro 41mm', 'PCS', 0, 0, 0, 3, 0, '2022-01-23 06:11:45', NULL, 50, 4, 13),
('PJ000213', 'ENKEV 1.75M', 'Unit', 0, 2, 1, 3, 0, '2022-01-23 06:11:48', '2022-01-22 22:12:05', 54, 4, 33),
('PJ000214', 'SOK 3/4\" 6PT Lipro 23mm', 'PCS', 0, 0, 0, 1, 0, '2022-01-23 06:12:14', NULL, 50, 4, 13),
('PJ000215', 'SOK 3/4\" 6PT Gestar 22mm', 'PCS', 0, 0, 0, 1, 0, '2022-01-23 06:12:51', NULL, 52, 4, 29),
('PJ000216', 'SOK 3/4\" 6PT Tekiro 30mm', 'PCS', 0, 0, 0, 4, 0, '2022-01-23 06:13:19', NULL, 47, 4, 21),
('PJ000217', 'SOK 3/4\" 6PT Tekiro 32mm', 'PCS', 0, 0, 0, 2, 0, '2022-01-23 06:13:34', NULL, 47, 4, 21),
('PJ000218', 'SOK 3/4\" 6PT Tekiro 34mm', 'PCS', 0, 0, 0, 1, 0, '2022-01-23 06:13:49', NULL, 47, 4, 21),
('PJ000219', 'SOK 3/4\" 6PT Tekiro 36mm', 'PCS', 0, 0, 0, 1, 0, '2022-01-23 06:14:03', NULL, 47, 4, 21),
('PJ000220', 'SOK 3/4\" 6PT Kingtony 52mm', 'PCS', 0, 0, 0, 1, 0, '2022-01-23 06:14:29', NULL, 52, 4, 26),
('PJ000221', 'SOK 1\" 6PT Wipro 41mm', 'PCS', 0, 0, 0, 1, 0, '2022-01-23 06:15:20', NULL, 49, 4, 18),
('PJ000222', 'SOK 1\" 6PT Wipro 21mm', 'PCS', 0, 0, 0, 2, 0, '2022-01-23 06:15:42', NULL, 49, 4, 18),
('PJ000223', 'SOK 1\" 6PT Wipro 20mm', 'PCS', 0, 0, 0, 1, 0, '2022-01-23 06:16:02', NULL, 49, 4, 18),
('PJ000224', 'Kunci Pas Fukung 8x9mm', 'PCS', 0, 0, 0, 21, 0, '2022-01-23 06:16:52', NULL, 52, 4, 24),
('PJ000225', 'Kunci Pas Fukung 10x11mm', 'PCS', 0, 0, 0, 12, 0, '2022-01-23 06:17:51', NULL, 52, 4, 24),
('PJ000226', 'Kunci Pas Fukung 6x7mm', 'PCS', 0, 0, 0, 12, 0, '2022-01-23 06:18:16', NULL, 52, 4, 24),
('PJ000227', 'Kunci Pas Fukung 12x13mm', 'PCS', 0, 0, 0, 21, 0, '2022-01-23 06:18:32', NULL, 52, 4, 24),
('PJ000228', 'Kunci Pas Fukung 14x15mm', 'PCS', 0, 0, 0, 1, 0, '2022-01-23 06:18:55', NULL, 52, 4, 24),
('PJ000229', 'Kunci Pas Fukung 16x17mm', 'PCS', 0, 0, 0, 39, 0, '2022-01-23 06:19:11', '2022-01-22 22:19:30', 52, 4, 24),
('PJ000230', 'Kunci Pas Fukung 18x19mm', 'PCS', 0, 0, 0, 17, 0, '2022-01-23 06:19:46', NULL, 52, 4, 24),
('PJ000231', 'Kunci Pas Fukung 20x22mm', 'PCS', 0, 0, 0, 9, 0, '2022-01-23 06:19:59', NULL, 52, 4, 24),
('PJ000232', 'Kunci Pas Fukung 25x28mm', 'PCS', 0, 0, 0, 6, 0, '2022-01-23 06:20:16', NULL, 52, 4, 23),
('PJ000233', 'Kunci Pas Fukung 30x32mm', 'PCS', 0, 0, 0, 7, 0, '2022-01-23 06:20:37', NULL, 52, 4, 24),
('PJ000234', 'Kunci Pas Lakoni 14x15 mm', 'PCS', 0, 0, 0, 4, 0, '2022-01-23 06:21:09', NULL, 51, 4, 23),
('PJ000235', 'Kunci Pas MCPro 14x15 mm', 'PCS', 0, 0, 0, 8, 0, '2022-01-23 06:21:34', NULL, 52, 4, 26),
('PJ000236', 'Kunci Ring Fukung 6x7mm', 'PCS', 0, 0, 0, 13, 0, '2022-01-23 06:22:13', NULL, 52, 4, 24),
('PJ000237', 'Kunci Ring Fukung 8x9mm', 'PCS', 0, 0, 0, 28, 0, '2022-01-23 06:22:57', NULL, 52, 4, 24),
('PJ000238', 'Kunci Ring Fukung 10x11mm', 'PCS', 0, 0, 0, 82, 0, '2022-01-23 06:23:12', NULL, 52, 4, 24),
('PJ000239', 'Kunci Ring Fukung 8x10mm', 'PCS', 0, 0, 0, 6, 0, '2022-01-23 06:23:29', NULL, 52, 4, 24),
('PJ000240', 'Kunci Ring Fukung 10x12mm', 'PCS', 0, 0, 0, 28, 0, '2022-01-23 06:23:43', NULL, 52, 4, 24),
('PJ000241', 'Kunci Ring Fukung 14x17mm', 'PCS', 0, 0, 0, 18, 0, '2022-01-23 06:23:58', NULL, 52, 4, 24),
('PJ000242', 'Kunci Ring Fukung 12x13mm', 'PCS', 0, 0, 0, 17, 0, '2022-01-23 06:24:23', NULL, 52, 4, 24),
('PJ000243', 'Kunci Ring Fukung 12x13mm', 'PCS', 0, 0, 0, 2, 0, '2022-01-23 06:24:39', NULL, 52, 4, 24),
('PJ000244', 'Kunci Ring Fukung 12x14mm', 'PCS', 0, 0, 0, 2, 0, '2022-01-23 06:25:52', NULL, 52, 4, 24),
('PJ000245', 'Kunci Ring Fukung 14x15mm', 'PCS', 0, 0, 0, 33, 0, '2022-01-23 06:26:10', NULL, 52, 4, 24),
('PJ000246', 'Kunci Ring Tora 8x9mm', 'PCS', 0, 0, 0, 17, 0, '2022-01-23 06:27:27', NULL, 52, 4, 34),
('PJ000247', 'Kunci Ring Tora 10x11mm', 'PCS', 0, 0, 0, 33, 0, '2022-01-23 06:27:45', NULL, 52, 4, 34),
('PJ000248', 'Kunci Ring Tora 10x12mm', 'PCS', 0, 0, 0, 12, 0, '2022-01-23 06:28:17', NULL, 52, 4, 34),
('PJ000249', 'Kunci Ring Tora 12x13mm', 'PCS', 0, 0, 0, 11, 0, '2022-01-23 06:28:35', NULL, 52, 4, 34),
('PJ000250', 'Kunci Ring Tora 14x15mm', 'PCS', 0, 0, 0, 4, 0, '2022-01-23 06:30:44', NULL, 52, 4, 34),
('PJ000251', 'Kunci Ring Tora 18x19mm', 'PCS', 0, 0, 0, 2, 0, '2022-01-23 06:31:01', NULL, 52, 4, 34),
('PJ000252', 'Kunci Ring Fukung 16x17mm', 'PCS', 0, 0, 0, 11, 0, '2022-01-23 06:31:25', NULL, 52, 4, 24),
('PJ000253', 'Kunci Ring Fukung 18x19mm', 'PCS', 0, 0, 0, 5, 0, '2022-01-23 06:31:39', NULL, 52, 4, 24),
('PJ000254', 'Kunci Ring Fukung 17x19mm', 'PCS', 0, 0, 0, 1, 0, '2022-01-23 06:31:57', NULL, 52, 4, 24),
('PJ000255', 'Kunci Ring Lakoni10x11mm', 'PCS', 0, 0, 0, 10, 0, '2022-01-23 06:32:51', NULL, 51, 4, 23),
('PJ000256', 'Kunci Ring Esson 8x10mm', 'PCS', 0, 0, 0, 3, 0, '2022-01-23 06:33:55', NULL, 52, 4, 35),
('PJ000257', 'Kunci Ring Esson 10x12mm', 'PCS', 0, 0, 0, 1, 0, '2022-01-23 06:34:12', NULL, 52, 4, 35),
('PJ000258', 'Kunci Ring Esson 12x14mm', 'PCS', 0, 0, 0, 2, 0, '2022-01-23 06:34:38', NULL, 52, 4, 35),
('PJ000259', 'Kunci Ring Lakoni 12x13mm', 'PCS', 0, 0, 0, 5, 0, '2022-01-23 06:35:23', NULL, 51, 4, 23),
('PJ000260', 'ENKEV 2M', 'Unit', 0, 0, 0, 5, 0, '2022-01-23 06:35:35', NULL, 54, 4, 32),
('PJ000261', 'Kunci Ring 18x19mm', 'PCS', 0, 0, 0, 1, 0, '2022-01-23 06:35:54', NULL, 52, 4, 29),
('PJ000262', 'Kunci Ring Pas Tora 6mm', 'PCS', 0, 0, 0, 20, 0, '2022-01-23 06:36:40', NULL, 52, 4, 34),
('PJ000263', 'Kunci Ring Pas Tora 7mm', 'PCS', 0, 0, 0, 20, 0, '2022-01-23 06:36:59', NULL, 52, 4, 34),
('PJ000264', 'Kunci Ring Pas Tora 8mm', 'PCS', 0, 0, 0, 21, 0, '2022-01-23 06:37:14', NULL, 52, 4, 34),
('PJ000265', 'Kunci Ring Pas Tora 9mm', 'PCS', 0, 0, 0, 19, 0, '2022-01-23 06:37:31', NULL, 52, 4, 34),
('PJ000266', 'ARMATURE DCA 1900', 'Unit', 0, 0, 0, 20, 0, '2022-01-23 06:37:32', NULL, 55, 4, 13),
('PJ000267', 'Kunci Ring Pas Tora 10mm', 'PCS', 0, 0, 0, 33, 0, '2022-01-23 06:37:47', NULL, 52, 4, 34),
('PJ000268', 'Kunci Ring Pas Tora 11mm', 'PCS', 0, 0, 0, 18, 0, '2022-01-23 06:38:02', NULL, 52, 4, 34),
('PJ000269', 'ARMATURE DCA MT90', 'Unit', 0, 0, 0, 20, 0, '2022-01-23 06:38:20', NULL, 55, 4, 13),
('PJ000270', 'Kunci Ring Pas Tora 12mm', 'PCS', 0, 0, 0, 7, 0, '2022-01-23 06:38:44', NULL, 52, 4, 34),
('PJ000271', 'Kunci Ring Pas Tora 13mm', 'PCS', 0, 0, 0, 4, 0, '2022-01-23 06:39:02', NULL, 52, 4, 34),
('PJ000272', 'Kunci Ring Pas Tora 14mm', 'PCS', 0, 0, 0, 18, 0, '2022-01-23 06:39:21', NULL, 52, 4, 34),
('PJ000273', 'ARMATURE DCA 9553NB', 'Unit', 0, 0, 0, 11, 0, '2022-01-23 06:39:31', NULL, 55, 4, 13),
('PJ000274', 'Kunci Ring Pas Tora 15mm', 'PCS', 0, 0, 0, 20, 0, '2022-01-23 06:39:34', NULL, 52, 4, 34),
('PJ000275', 'Kunci Ring Pas Tora 16mm', 'PCS', 0, 0, 0, 16, 0, '2022-01-23 06:39:48', NULL, 52, 4, 34),
('PJ000276', 'ARMATURE DCA 6-100', 'Unit', 0, 0, 0, 10, 0, '2022-01-23 06:40:08', NULL, 55, 4, 13),
('PJ000277', 'Kunci Ring Pas Tora 17mm', 'PCS', 0, 0, 0, 24, 0, '2022-01-23 06:40:12', NULL, 52, 4, 34),
('PJ000278', 'Kunci Ring Pas Tora 18mm', 'PCS', 0, 0, 0, 17, 0, '2022-01-23 06:40:25', NULL, 52, 4, 34),
('PJ000279', 'ARMATURE DCA MT580', 'Unit', 0, 0, 0, 1, 0, '2022-01-23 06:40:40', NULL, 55, 4, 13),
('PJ000280', 'Kunci Ring Pas Tora 19mm', 'PCS', 0, 0, 0, 14, 0, '2022-01-23 06:40:41', NULL, 52, 4, 34),
('PJ000281', 'Kunci Ring Pas Tora 20mm', 'PCS', 0, 0, 0, 7, 0, '2022-01-23 06:40:57', NULL, 52, 4, 34),
('PJ000282', 'ARMATURE MT60', 'Unit', 0, 0, 0, 20, 0, '2022-01-23 06:41:17', NULL, 55, 4, 13),
('PJ000283', 'Kunci Ring Pas Fukung 9mm', 'PCS', 0, 0, 0, 10, 0, '2022-01-23 06:41:24', NULL, 52, 4, 24),
('PJ000284', 'Kunci Ring Pas Fukung 10mm', 'PCS', 0, 0, 0, 1, 0, '2022-01-23 06:41:37', NULL, 52, 4, 24),
('PJ000285', 'ARMATURE MODERN M2100', 'Unit', 0, 0, 0, 29, 0, '2022-01-23 06:41:53', NULL, 55, 4, 13),
('PJ000286', 'Kunci Ring Pas Fukung 11mm', 'PCS', 0, 0, 0, 4, 0, '2022-01-23 06:41:55', NULL, 52, 4, 24),
('PJ000287', 'Kunci Ring Pas Fukung 8mm', 'PCS', 0, 0, 0, 18, 0, '2022-01-23 06:42:12', NULL, 52, 4, 24),
('PJ000288', 'ARMATURE MODERN M2600', 'Unit', 0, 0, 0, 49, 0, '2022-01-23 06:42:26', NULL, 55, 4, 13),
('PJ000289', 'Kunci Ring Pas Fukung 12mm', 'PCS', 0, 0, 0, 10, 0, '2022-01-23 06:42:28', NULL, 52, 4, 24),
('PJ000290', 'Kunci Ring Pas Fukung 15mm', 'PCS', 0, 0, 0, 9, 0, '2022-01-23 06:42:46', NULL, 52, 4, 24),
('PJ000291', 'Kunci Ring Pas Fukung 17mm', 'PCS', 0, 0, 0, 15, 0, '2022-01-23 06:43:01', NULL, 52, 4, 24),
('PJ000292', 'ARMATURE MODERN M2700', 'Unit', 0, 0, 0, 35, 0, '2022-01-23 06:43:02', NULL, 55, 4, 13),
('PJ000293', 'Kunci Ring Pas Fukung 19mm', 'PCS', 0, 0, 0, 1, 0, '2022-01-23 06:43:17', NULL, 52, 4, 24),
('PJ000294', 'Kunci Ring Pas Fukung 20mm', 'PCS', 0, 0, 0, 4, 0, '2022-01-23 06:43:31', NULL, 52, 4, 24),
('PJ000295', 'ARMATURE MODERN M2750', 'Unit', 0, 0, 0, 35, 0, '2022-01-23 06:43:31', NULL, 55, 4, 13),
('PJ000296', 'Kunci Ring Pas Fukung 21mm', 'PCS', 0, 0, 0, 5, 0, '2022-01-23 06:43:44', NULL, 52, 4, 24),
('PJ000297', 'Kunci Ring Pas Esson 22mm', 'PCS', 0, 0, 0, 10, 0, '2022-01-23 06:44:09', NULL, 52, 4, 35),
('PJ000298', 'ARMATURE M2350', 'Unit', 0, 0, 0, 50, 0, '2022-01-23 06:44:12', NULL, 55, 4, 13),
('PJ000299', 'Kunci Ring Pas Esson 12mm', 'PCS', 0, 0, 0, 23, 0, '2022-01-23 06:44:33', NULL, 52, 4, 35),
('PJ000300', 'ARMATURE M2300', 'Unit', 0, 0, 0, 26, 0, '2022-01-23 06:44:37', NULL, 55, 4, 13),
('PJ000301', 'Kunci Ring Pas Fukung 23mm', 'PCS', 0, 0, 0, 2, 0, '2022-01-23 06:44:57', '2022-01-22 22:45:27', 52, 4, 24),
('PJ000302', 'ARMATURE M2130', 'Unit', 0, 0, 0, 24, 0, '2022-01-23 06:45:03', NULL, 55, 4, 13),
('PJ000303', 'ARMATURE M2150', 'Unit', 0, 0, 0, 7, 0, '2022-01-23 06:45:32', NULL, 55, 4, 13),
('PJ000304', 'Kunci Ring Pas Fukung 24mm', 'PCS', 0, 0, 0, 14, 0, '2022-01-23 06:45:51', NULL, 52, 4, 24),
('PJ000305', 'ARMATURE M2900', 'Unit', 0, 0, 0, 21, 0, '2022-01-23 06:45:57', NULL, 55, 4, 13),
('PJ000306', 'Kunci Ring Pas Fukung 27mm', 'PCS', 0, 0, 0, 27, 0, '2022-01-23 06:46:09', NULL, 52, 4, 24),
('PJ000307', 'ARMATURE M2850', 'Unit', 0, 0, 0, 6, 0, '2022-01-23 06:46:25', NULL, 55, 4, 13),
('PJ000308', 'ARMATURE DCA 5800NB', 'Unit', 0, 0, 0, 10, -1, '2022-01-23 06:47:45', NULL, 55, 4, 13),
('PJ000309', 'SELANG CRONOS 20M', 'Roll', 0, 0, 0, 10, 0, '2022-01-23 06:50:50', NULL, 56, 4, 13),
('PJ000310', 'SELANG CRONOS 15M', 'Roll', 0, 0, 0, 6, 0, '2022-01-23 06:51:19', NULL, 56, 4, 13),
('PJ000311', 'SELANG SUMURA 10M', 'Roll', 0, 0, 0, 14, 0, '2022-01-23 06:52:52', '2022-01-22 22:54:44', 56, 4, 10),
('PJ000312', 'SELANG YAMAMAX 10M', 'Roll', 0, 0, 0, 10, 0, '2022-01-23 06:54:22', NULL, 56, 4, 9),
('PJ000313', 'SELANG MATRIX 100M', 'Roll', 0, 0, 0, 3, 0, '2022-01-23 06:55:43', NULL, 56, 4, 10),
('PJ000314', 'SELANG YAMAMAX 100M', 'Roll', 0, 0, 0, 1, 0, '2022-01-23 06:56:18', NULL, 56, 4, 9),
('PJ000315', 'SELANG XENON 50M', 'Roll', 0, 0, 0, 2, 0, '2022-01-23 06:56:57', NULL, 56, 4, 28),
('PJ000316', 'SELANG MOSWELL ROLL', 'Roll', 0, 0, 0, 3, 0, '2022-01-23 06:58:02', NULL, 56, 4, 22),
('PJ000317', 'SELANG BENING VIGO', 'Roll', 0, 0, 0, 8, 0, '2022-01-23 07:01:05', NULL, 56, 4, 36),
('PJ000318', 'SELANG JC LOGAN 20M', 'Roll', 0, 0, 0, 3, 0, '2022-01-23 07:01:42', NULL, 56, 4, 36),
('PJ000319', 'SELANG JC LOGAN 15M', 'Roll', 0, 0, 0, 2, 0, '2022-01-23 07:02:13', NULL, 56, 4, 36),
('PJ000320', 'SELANG IWARA SINGLE MERAH', 'Roll', 0, 0, 0, 2, 0, '2022-01-23 07:03:19', NULL, 56, 4, 22),
('PJ000321', 'SELANG IWARA DOUBLE MERAH', 'Roll', 0, 0, 0, 2, 0, '2022-01-23 07:03:53', NULL, 56, 4, 22),
('PJ000322', 'KUNCI T 12MM TEKIRO ', 'PCS', 0, 0, 0, 100, 0, '2022-01-23 07:05:49', NULL, 47, 4, 21),
('PJ000323', 'KUNCI T 10mm TEKIRO ', 'PCS', 0, 0, 0, 43, 0, '2022-01-23 07:06:28', NULL, 47, 4, 21),
('PJ000324', 'KUNCI T 8mm TEKIRO ', 'PCS', 0, 0, 0, 43, 0, '2022-01-23 07:07:02', NULL, 47, 4, 21),
('PJ000325', 'KUNCI T 14mm TEKIRO ', 'PCS', 0, 0, 0, 130, 0, '2022-01-23 07:07:30', NULL, 47, 4, 21),
('PJ000326', 'Submersible Inoto 2\"x0.5HP Kabel', 'Unit', 0, 0, 0, 7, 0, '2022-01-23 07:07:41', NULL, 45, 4, 35),
('PJ000327', 'KUNCI T 17mm TEKIRO ', 'PCS', 0, 0, 0, 53, 0, '2022-01-23 07:08:04', NULL, 47, 4, 21),
('PJ000328', 'KUNCI T 11mm TEKIRO ', 'PCS', 0, 0, 0, 27, 0, '2022-01-23 07:08:30', NULL, 47, 4, 21),
('PJ000330', 'KUNCI T 13mm TEKIRO ', 'PCS', 0, 0, 0, 15, 0, '2022-01-23 07:09:05', NULL, 47, 4, 21),
('PJ000333', 'KUNCI T 9mm TEKIRO ', 'PCS', 0, 0, 0, 20, 0, '2022-01-23 07:09:51', NULL, 47, 4, 21),
('PJ000334', 'KUNCI T 7mm TEKIRO ', 'PCS', 0, 0, 0, 32, 0, '2022-01-23 07:10:18', NULL, 47, 4, 21),
('PJ000335', 'KUNCI T 19mm TEKIRO ', 'PCS', 0, 0, 0, 15, 0, '2022-01-23 07:11:03', NULL, 47, 4, 21),
('PJ000336', 'Summersible HCL 2\"x0.33HP Kabel', 'Unit', 0, 0, 0, 1, 0, '2022-01-23 07:11:25', NULL, 45, 4, 37),
('PJ000337', 'Summersible HCL 2\"x0.5HP Kabel', 'Unit', 0, 0, 0, 2, 0, '2022-01-23 07:12:00', NULL, 45, 4, 37),
('PJ000338', 'KUNCI T 8mm LIPRO', 'PCS', 0, 0, 0, 35, 0, '2022-01-23 07:12:04', NULL, 50, 4, 13),
('PJ000339', 'KUNCI T 10mm LIPRO', 'PCS', 0, 0, 0, 15, 0, '2022-01-23 07:12:46', NULL, 50, 4, 13),
('PJ000340', 'Submersible Shimizu 2\"X0,25HP kabel', 'Unit', 1580000, 1875000, 0, 2, 0, '2022-01-23 07:13:18', '2022-01-24 11:08:17', 45, 4, 38),
('PJ000341', 'KUNCI T 12mm LIPRO', 'PCS', 0, 0, 0, 45, 0, '2022-01-23 07:13:28', NULL, 50, 4, 13),
('PJ000342', 'Submersible Shimizu 2\"X0.33HP kabel', 'Unit', 1685000, 2000000, 0, 3, 0, '2022-01-23 07:13:56', '2022-01-24 10:26:09', 45, 4, 38),
('PJ000343', 'KUNCI T 14mm LIPRO', 'PCS', 0, 0, 0, 35, 0, '2022-01-23 07:14:00', NULL, 50, 4, 13),
('PJ000344', 'Submersible Shimizu 2\"X0,5HP kabel', 'Unit', 1790000, 2050000, 0, 2, 0, '2022-01-23 07:14:36', '2022-01-24 11:10:18', 45, 4, 38),
('PJ000345', 'Summersible Caltech 2\"x0.33HP Kabel', 'Unit', 0, 0, 0, 1, 0, '2022-01-23 07:15:36', NULL, 45, 4, 39),
('PJ000346', 'KUNCI T 10mm IWT', 'PCS', 0, 0, 0, 10, 0, '2022-01-23 07:15:57', NULL, 57, 4, 24),
('PJ000347', 'Submersible Shimizu 3\"X 0.33HP Kabel', 'Unit', 1790000, 2100000, 0, 4, 0, '2022-01-23 07:16:40', '2022-01-24 11:12:13', 45, 4, 38),
('PJ000348', 'Submersible Shimizu 3\"X 0.5HP Kabel', 'Unit', 1960000, 2300000, 0, 4, 0, '2022-01-23 07:17:08', '2022-01-24 11:16:29', 45, 4, 38),
('PJ000349', 'KUNCI T 12mm IWT', 'PCS', 0, 0, 0, 37, 0, '2022-01-23 07:17:14', NULL, 57, 4, 24),
('PJ000350', 'Submersible Shimizu 3\"X 0.75HP Kabel', 'Unit', 2180000, 2600000, 0, 3, 0, '2022-01-23 07:17:27', '2022-01-24 11:18:16', 45, 4, 38),
('PJ000351', 'KUNCI T 14mm IWT', 'PCS', 0, 0, 0, 62, 0, '2022-01-23 07:17:48', NULL, 57, 4, 24),
('PJ000352', 'Submersible Shimizu 3\"X 1HP Kabel', 'Unit', 2490000, 2870000, 0, 2, 0, '2022-01-23 07:17:58', '2022-01-24 11:24:48', 45, 4, 38),
('PJ000353', 'KUNCI T 12mm AMERICAN', 'PCS', 0, 0, 0, 10, 0, '2022-01-23 07:18:56', NULL, 58, 4, 36),
('PJ000354', 'Submersible Shimizu 3x1.5HP Kabel', 'Unit', 2840000, 3250000, 0, 1, 0, '2022-01-23 07:19:16', '2022-01-24 11:26:14', 45, 4, 38),
('PJ000355', 'KUNCI T 14mm AMERICAN', 'PCS', 0, 0, 0, 5, 0, '2022-01-23 07:19:49', NULL, 58, 4, 36),
('PJ000356', 'Summersible Cronos 3\"x0.5HP Kabel', 'Unit', 0, 0, 0, 1, 0, '2022-01-23 07:20:55', NULL, 45, 4, 13),
('PJ000357', 'KUNCI T 12mm KING TONY', 'PCS', 0, 0, 0, 5, 0, '2022-01-23 07:21:11', NULL, 59, 4, 26),
('PJ000358', 'Summersible Cronos 3\"x0.75HP Kabel', 'Unit', 0, 0, 0, 2, 0, '2022-01-23 07:21:30', NULL, 45, 4, 13),
('PJ000359', 'Summersible Cronos 3\"x0.5HP', 'Unit', 0, 0, 0, 4, 0, '2022-01-23 07:21:55', NULL, 45, 4, 13),
('PJ000360', 'Summersible Cronos 3\"x0.75HP', 'Unit', 0, 0, 0, 3, 0, '2022-01-23 07:22:18', NULL, 45, 4, 13),
('PJ000361', 'Summersible Cronos 3x1 HP ', 'Unit', 0, 0, 0, 1, 0, '2022-01-23 07:22:40', '2022-01-22 23:22:58', 45, 4, 13),
('PJ000362', 'FEELER GAUG GRIP ON 003', 'PCS', 0, 0, 0, 11, 0, '2022-01-23 07:23:13', NULL, 60, 4, 13),
('PJ000363', 'Summersible Caltech 3\"x0.75HP Kabel', 'Unit', 0, 0, 0, 2, 0, '2022-01-23 07:23:34', NULL, 45, 4, 39),
('PJ000364', 'FEELER LIPRO 005', 'PCS', 0, 0, 0, 5, 0, '2022-01-23 07:23:56', NULL, 60, 4, 13),
('PJ000365', 'Summersible Esse 4\"x2HP Kabel', 'Unit', 0, 0, 0, 2, 0, '2022-01-23 07:24:17', NULL, 45, 4, 9),
('PJ000366', 'FEELER LIPRO 003', 'PCS', 0, 0, 0, 11, 0, '2022-01-23 07:24:32', NULL, 60, 4, 13),
('PJ000368', 'Summersible Inoto 4\"x1.5HP', 'Unit', 0, 0, 0, 1, 0, '2022-01-23 07:25:30', '2022-01-22 23:26:31', 45, 4, 35),
('PJ000369', 'FEELER TEKIRO 005', 'PCS', 0, 0, 0, 3, 0, '2022-01-23 07:26:05', NULL, 60, 4, 21),
('PJ000370', 'Summersible Inoto 4\"x2HP', 'Unit', 0, 0, 0, 1, 0, '2022-01-23 07:26:15', NULL, 45, 4, 35),
('PJ000371', 'Summersible Inoto 4\"x3HP', 'Unit', 0, 0, 0, 1, 0, '2022-01-23 07:27:02', NULL, 45, 4, 35),
('PJ000372', 'FEELER PROHEX 005', 'PCS', 0, 0, 0, 10, 0, '2022-01-23 07:27:09', NULL, 60, 4, 19),
('PJ000373', 'FEELER PROHEX 003', 'PCS', 0, 0, 0, 15, 0, '2022-01-23 07:27:38', NULL, 60, 4, 19),
('PJ000374', 'Shimizu PS116', 'Unit', 390000, 410000, 0, 70, 0, '2022-01-23 07:28:00', '2022-01-24 08:47:27', 45, 4, 17),
('PJ000375', 'FEELER GAUG GRIP ON 005', 'PCS', 0, 0, 0, 9, 0, '2022-01-23 07:28:06', NULL, 60, 4, 13),
('PJ000376', 'Shimizu PS128', 'Unit', 410000, 450000, 0, 58, 0, '2022-01-23 07:28:41', '2022-01-24 08:48:06', 45, 4, 17),
('PJ000377', 'Shimizu PS135E', 'Unit', 495000, 525000, 0, 61, 0, '2022-01-23 07:33:10', '2022-01-24 08:49:34', 45, 4, 17),
('PJ000378', 'Shimizu PS130', 'Unit', 575000, 625000, 0, 28, 0, '2022-01-23 07:33:33', '2022-01-24 08:51:14', 45, 4, 17),
('PJ000379', 'Shimizu Semi Jet 100', 'Unit', 780000, 850000, 0, 3, 0, '2022-01-23 07:33:59', '2022-01-24 09:01:19', 45, 4, 17),
('PJ000380', 'Shimizu Semi Jet 108', 'Unit', 710000, 800000, 0, 7, 0, '2022-01-23 07:34:39', '2022-01-24 08:59:13', 45, 4, 17),
('PJ000381', 'Shimizu PS226', 'Unit', 875000, 975000, 0, 6, 0, '2022-01-23 07:35:01', '2022-01-24 09:02:28', 45, 4, 17),
('PJ000382', 'Shimizu PS230', 'Unit', 1000000, 1100000, 0, 10, 0, '2022-01-23 07:35:18', '2022-01-24 09:03:24', 45, 4, 17),
('PJ000383', 'Shimizu PC268 Jet Pump', 'Unit', 1740000, 1900000, 0, 5, 0, '2022-01-23 07:35:41', '2022-01-24 09:05:51', 45, 4, 17),
('PJ000384', 'Shimizu PC375 Jet Pump', 'Unit', 2000000, 2250000, 0, 1, 0, '2022-01-23 07:36:15', '2022-01-24 09:07:13', 45, 4, 17),
('PJ000385', 'Shimizu PC503 Jet Pump', 'Unit', 3290000, 3550000, 0, 2, 0, '2022-01-23 07:36:37', '2022-01-24 09:08:34', 45, 4, 17),
('PJ000386', 'Shimizu PS121', 'Unit', 398000, 425000, 0, 21, 0, '2022-01-23 07:37:37', '2022-01-24 08:55:31', 45, 4, 17),
('PJ000387', 'Shimizu PN125', 'Unit', 388000, 420000, 0, 10, 0, '2022-01-23 07:38:07', '2022-01-24 08:53:47', 45, 4, 17),
('PJ000388', 'Pompa Air Wasser PW131E', 'Unit', 480000, 550000, 0, 7, 0, '2022-01-23 07:39:13', '2022-01-24 09:10:16', 45, 4, 40),
('PJ000389', 'Pompa Air Wasser PW129EA', 'Unit', 517000, 590000, 0, 5, 0, '2022-01-23 07:39:49', '2022-01-24 09:11:22', 45, 4, 40),
('PJ000390', 'Pompa Air Wasser PW225E', 'Unit', 880000, 975000, 0, 4, 0, '2022-01-23 07:40:08', '2022-01-24 09:12:31', 45, 4, 40),
('PJ000391', 'Pompa Air Wasser PW225EA', 'Unit', 1030000, 1150000, 0, 4, 0, '2022-01-23 07:40:22', '2022-01-24 09:13:51', 45, 4, 40),
('PJ000392', 'Pompa Air Wasser Semi Jet120', 'Unit', 712000, 825000, 0, 3, 0, '2022-01-23 07:40:43', '2022-01-24 09:15:02', 45, 4, 40),
('PJ000393', 'Pompa Air Wasser PC280EA Jet Pump', 'Unit', 1470000, 1750000, 0, 2, 0, '2022-01-23 07:41:13', '2022-01-24 09:16:29', 45, 4, 40),
('PJ000394', 'Pompa Air Wasser PC380EA', 'Unit', 2075000, 2300000, 0, 1, 0, '2022-01-23 07:41:42', '2022-01-24 09:17:39', 45, 4, 40),
('PJ000395', 'Pompa Air Wasser PC500EA', 'Unit', 3370000, 3650000, 0, 1, 0, '2022-01-23 07:41:59', '2022-01-24 09:18:33', 45, 4, 40),
('PJ000396', 'Pompa Air Panasonic GP129JXK', 'Unit', 425000, 500000, 0, 9, 0, '2022-01-23 07:42:43', '2022-01-24 09:20:22', 45, 4, 38),
('PJ000397', 'Pompa Air Panasonic GA126CAK Auto', 'Unit', 525000, 625000, 0, 6, 0, '2022-01-23 07:43:05', '2022-01-24 09:21:33', 45, 4, 38),
('PJ000398', 'Pompa Air Sanyo PWH137C', 'Unit', 435000, 525000, 0, 6, 0, '2022-01-23 07:43:29', '2022-01-24 09:28:35', 45, 4, 38),
('PJ000399', 'Pompa Air Sanyo PWH138C', 'Unit', 435000, 525000, 0, 7, 0, '2022-01-23 07:43:46', '2022-01-24 09:30:28', 45, 4, 38),
('PJ000400', 'Pompa Air Sanyo PH175C', 'Unit', 1870000, 2150000, 0, 2, 0, '2022-01-23 07:44:03', '2022-01-24 09:25:03', 45, 4, 38),
('PJ000401', 'Pompa Air Sanyo PH130B', 'Unit', 1240000, 1500000, 0, 1, 0, '2022-01-23 07:44:23', '2022-01-24 09:26:29', 45, 4, 38),
('PJ000402', 'Pompa Air Sharp SPS129SA', 'Unit', 510000, 600000, 0, 4, 0, '2022-01-23 07:44:50', '2022-01-24 09:33:28', 45, 4, 38),
('PJ000403', 'Pompa Celup Inoto IN180', 'Unit', 790000, 1150000, 0, 2, 0, '2022-01-23 07:45:26', '2022-01-24 10:54:23', 45, 4, 35),
('PJ000404', 'Pompa Celup Yamamax SRX550A', 'Unit', 0, 0, 0, 2, 0, '2022-01-23 07:46:11', NULL, 45, 4, 9),
('PJ000405', 'Pompa Celup Yamamax SRX750A', 'Unit', 0, 0, 0, 2, 0, '2022-01-23 07:46:34', NULL, 45, 4, 9),
('PJ000406', 'Gerinda M2350B', 'Unit', 0, 0, 0, 50, 0, '2022-01-23 08:17:19', NULL, 61, 4, 40),
('PJ000407', 'Gerinda M2300B', 'Unit', 0, 0, 0, 30, 0, '2022-01-23 08:18:00', NULL, 61, 4, 35),
('PJ000408', 'Bor M2100C', 'Unit', 0, 0, 0, 50, 0, '2022-01-23 08:18:23', NULL, 61, 4, 35),
('PJ000409', 'Bor Impact M2150', 'Unit', 0, 0, 0, 14, 0, '2022-01-23 08:19:05', NULL, 61, 4, 35),
('PJ000410', 'Bearing 6004', 'PCS', 0, 0, 0, 31, 0, '2022-01-23 08:19:37', NULL, 62, 4, 29),
('PJ000411', 'Bor Impact 2130B', 'Unit', 0, 0, 0, 18, 0, '2022-01-23 08:20:00', NULL, 61, 4, 35),
('PJ000412', 'Bearing 6201', 'PCS', 0, 0, 0, 6, 0, '2022-01-23 08:20:16', NULL, 62, 4, 29),
('PJ000413', 'Profil M2700', 'Unit', 0, 0, 0, 20, 0, '2022-01-23 08:20:27', NULL, 61, 4, 35),
('PJ000414', 'Bearing 6002', 'PCS', 0, 0, 0, 26, 0, '2022-01-23 08:20:47', NULL, 62, 4, 29),
('PJ000415', 'Bearing 6200', 'PCS', 0, 0, 0, 30, 0, '2022-01-23 08:21:19', NULL, 62, 4, 29),
('PJ000416', 'Bearing 629', 'PCS', 0, 0, 0, 66, 0, '2022-01-23 08:22:20', NULL, 62, 4, 29),
('PJ000417', 'bearing 606', 'PCS', 0, 0, 0, 42, 0, '2022-01-23 08:22:55', NULL, 62, 4, 29),
('PJ000418', 'Bearing 627', 'PCS', 0, 0, 0, 50, 0, '2022-01-23 08:23:30', NULL, 62, 4, 29),
('PJ000419', 'Bor Morea M606 10mm', 'Unit', 150000, 0, 0, 50, 0, '2022-01-23 08:23:33', NULL, 63, 4, 13),
('PJ000420', 'bearing 608', 'PCS', 0, 0, 0, 81, 0, '2022-01-23 08:24:10', NULL, 62, 4, 29),
('PJ000421', 'Bearing 628', 'PCS', 0, 0, 0, 68, 0, '2022-01-23 08:24:42', NULL, 62, 4, 29),
('PJ000422', 'Gerinda Morea M954', 'Unit', 165000, 0, 0, 40, 0, '2022-01-23 08:24:48', NULL, 63, 4, 13),
('PJ000423', 'bearing 607', 'PCS', 0, 0, 0, 11, 0, '2022-01-23 08:25:10', NULL, 62, 4, 29),
('PJ000424', 'Tang Potong Essen 6\"', 'PCS', 0, 0, 0, 100, 0, '2022-01-23 08:25:33', NULL, 52, 4, 35),
('PJ000425', 'Bearing 6000', 'PCS', 0, 0, 0, 52, 0, '2022-01-23 08:25:38', NULL, 62, 4, 29),
('PJ000426', 'Tang Lancip Essen 6\"', 'PCS', 0, 0, 0, 42, 0, '2022-01-23 08:26:09', NULL, 52, 4, 35),
('PJ000427', 'Bearing 6300', 'PCS', 0, 0, 0, 1, 0, '2022-01-23 08:26:09', NULL, 62, 4, 29),
('PJ000428', 'Bearing 6202', 'PCS', 0, 0, 0, 12, 0, '2022-01-23 08:26:42', '2022-01-23 00:27:44', 62, 4, 29),
('PJ000429', 'Tang Kombinasi Essen 7\"', 'PCS', 0, 0, 0, 46, 0, '2022-01-23 08:26:48', NULL, 52, 4, 35),
('PJ000430', 'Tang Kombinasi Essen 8\"', 'PCS', 0, 0, 0, 54, 0, '2022-01-23 08:27:14', NULL, 52, 4, 35),
('PJ000431', 'Bearing 626', 'PCS', 0, 0, 0, 51, 0, '2022-01-23 08:27:18', NULL, 62, 4, 29),
('PJ000432', 'Tang Lancip Prohex 6\"', 'PCS', 0, 0, 0, 22, 0, '2022-01-23 08:27:49', NULL, 52, 4, 19),
('PJ000433', 'Tang Potong Prohex 6\"', 'PCS', 0, 0, 0, 12, 0, '2022-01-23 08:28:12', NULL, 52, 4, 19),
('PJ000434', 'Bearing 6001', 'PCS', 0, 0, 0, 28, 0, '2022-01-23 08:28:17', NULL, 62, 4, 29),
('PJ000435', 'Tang Kombinasi Prohex 7\" ', 'PCS', 0, 0, 0, 35, 0, '2022-01-23 08:28:54', NULL, 52, 4, 19),
('PJ000436', 'Karet Bearing 608', 'PCS', 0, 0, 0, 35, 0, '2022-01-23 08:29:07', NULL, 62, 4, 29),
('PJ000437', 'Tang Lancip Tekiro 6\"', 'PCS', 0, 0, 0, 12, 0, '2022-01-23 08:29:22', NULL, 47, 4, 21),
('PJ000438', 'Karet Bearing Besar', 'PCS', 0, 0, 0, 17, 0, '2022-01-23 08:30:01', NULL, 62, 4, 29),
('PJ000439', 'Gunting Galvalum 10\" Multipro', 'PCS', 0, 0, 0, 50, 0, '2022-01-23 08:31:01', NULL, 52, 4, 41),
('PJ000440', 'Gear Ryu ', 'PCS', 0, 0, 0, 10, 0, '2022-01-23 08:31:06', '2022-01-23 00:32:34', 55, 4, 29),
('PJ000441', 'Gear 240 Max', 'PCS', 0, 0, 0, 2, 0, '2022-01-23 08:33:18', NULL, 55, 4, 29),
('PJ000442', 'Mitersaw 7', 'Unit', 0, 0, 0, 2, 0, '2022-01-23 08:34:01', '2022-01-23 00:37:31', 61, 4, 35),
('PJ000443', 'Gear Bor 10 Nadia', 'PCS', 0, 0, 0, 6, 0, '2022-01-23 08:34:07', NULL, 55, 4, 29),
('PJ000444', 'Gear MT60 NDP', 'PCS', 410000, 0, 0, 4, 0, '2022-01-23 08:34:45', NULL, 55, 4, 29),
('PJ000445', 'Gear 2350 AST', 'PCS', 0, 0, 0, 5, 0, '2022-01-23 08:35:22', NULL, 55, 4, 29),
('PJ000446', 'Mitersaw NRTPro 7\" MS7185', 'Unit', 0, 0, 0, 3, 0, '2022-01-23 08:35:38', NULL, 65, 4, 9),
('PJ000447', 'Gear 7100 NDP', 'PCS', 0, 0, 0, 6, 0, '2022-01-23 08:35:58', NULL, 55, 4, 29),
('PJ000448', 'Gear MT410 ', 'PCS', 0, 0, 0, 4, 0, '2022-01-23 08:36:32', NULL, 55, 4, 29),
('PJ000449', 'Mitersaw 7\" Ryu RMS180', 'Unit', 0, 0, 0, 2, 0, '2022-01-23 08:36:51', NULL, 66, 4, 21),
('PJ000450', 'Tablesaw Ryu RTS8', 'Unit', 0, 0, 0, 1, 0, '2022-01-23 08:37:21', NULL, 66, 4, 21),
('PJ000451', 'Gear DW810 NDP', 'PCS', 0, 0, 0, 4, 0, '2022-01-23 08:37:21', NULL, 55, 4, 29),
('PJ000452', 'Gear MT90 DCA', 'PCS', 0, 0, 0, 5, 0, '2022-01-23 08:38:00', NULL, 55, 4, 29),
('PJ000453', 'Gear G10 SB', 'PCS', 0, 0, 0, 2, 0, '2022-01-23 08:38:53', NULL, 55, 4, 29),
('PJ000454', 'Gear 5806 ', 'PCS', 0, 0, 0, 1, 0, '2022-01-23 08:39:30', NULL, 55, 4, 29),
('PJ000455', 'Gear SIM100', 'PCS', 0, 0, 0, 2, 0, '2022-01-23 08:40:06', NULL, 55, 4, 29),
('PJ000456', 'Bearing BCX 6-100', 'PCS', 0, 0, 0, 10, 0, '2022-01-23 08:40:49', NULL, 62, 4, 29),
('PJ000457', 'Gear JIS 13', 'PCS', 0, 0, 0, 1, 0, '2022-01-23 08:41:24', '2022-01-23 00:51:14', 55, 4, 29),
('PJ000458', 'Gear 6100 NDP', 'PCS', 0, 0, 0, 1, 0, '2022-01-23 08:42:05', NULL, 55, 4, 29),
('PJ000459', 'Gear NRT 10mm', 'PCS', 0, 0, 0, 2, 0, '2022-01-23 08:52:22', NULL, 55, 4, 29),
('PJ000460', 'Gear Bor 13mm NRT ', 'PCS', 0, 0, 0, 2, 0, '2022-01-23 08:53:56', NULL, 55, 4, 29),
('PJ000461', 'Palu Konde 1LB', 'PCS', 0, 0, 0, 9, 0, '2022-01-23 08:55:20', NULL, 52, 4, 29),
('PJ000462', 'Gear M2130 Modern', 'PCS', 0, 0, 0, 27, 0, '2022-01-23 08:55:21', NULL, 55, 4, 29),
('PJ000463', 'Palu Konde 1.5 LB', 'PCS', 0, 0, 0, 9, 0, '2022-01-23 08:56:08', NULL, 52, 4, 29),
('PJ000464', 'Gear M2100 Modern', 'PCS', 0, 0, 0, 102, 0, '2022-01-23 08:56:11', NULL, 55, 4, 29),
('PJ000465', 'Palu Konde 3/4 LB', 'PCS', 0, 0, 0, 4, 0, '2022-01-23 08:56:39', NULL, 52, 4, 29),
('PJ000466', 'Gear M2150 Modern', 'PCS', 0, 0, 0, 15, 0, '2022-01-23 08:56:52', NULL, 55, 4, 29),
('PJ000467', 'Palu Konde Wanly 3/4 LB', 'PCS', 0, 0, 0, 30, 0, '2022-01-23 08:57:12', NULL, 52, 4, 29),
('PJ000468', 'Gear M2600 Modern', 'PCS', 0, 0, 0, 54, 0, '2022-01-23 08:57:33', NULL, 55, 4, 29),
('PJ000469', 'Palu Konde XPTools 3/4 LB', 'PCS', 0, 0, 0, 6, 0, '2022-01-23 08:57:49', NULL, 52, 4, 29),
('PJ000470', 'Gear M2300 Modern', 'PCS', 0, 0, 0, 61, 0, '2022-01-23 08:58:18', NULL, 55, 4, 29),
('PJ000471', 'Betel Beton Wipro 12x18mm', 'PCS', 0, 0, 0, 3, 0, '2022-01-23 08:58:54', NULL, 49, 4, 18),
('PJ000472', 'Gear 243 Lazaro', 'PCS', 0, 0, 0, 4, 0, '2022-01-23 08:58:57', NULL, 55, 4, 29),
('PJ000473', 'Betel Beton Wipro 8x16mm', 'PCS', 0, 0, 0, 5, 0, '2022-01-23 08:59:30', NULL, 49, 4, 18),
('PJ000474', 'Gear WP92551 WPro', 'PCS', 0, 0, 0, 1, 0, '2022-01-23 08:59:45', NULL, 55, 4, 29),
('PJ000475', 'Rollmeter 7.5 M', 'PCS', 0, 0, 0, 21, 0, '2022-01-23 09:00:14', NULL, 52, 4, 29),
('PJ000476', 'Gear 6-100 H&L', 'PCS', 0, 0, 0, 3, 0, '2022-01-23 09:00:42', NULL, 55, 4, 29),
('PJ000477', 'Meteran Prohex 7.5M', 'PCS', 0, 0, 0, 18, 0, '2022-01-23 09:00:53', NULL, 52, 4, 19),
('PJ000478', 'Meteran Prohex 10M', 'PCS', 0, 0, 0, 6, 0, '2022-01-23 09:01:19', NULL, 52, 4, 19),
('PJ000479', 'Gear MT80 Maktec', 'PCS', 0, 0, 0, 8, 0, '2022-01-23 09:01:32', '2022-01-23 01:03:27', 55, 4, 29),
('PJ000480', 'Rollmeter Essen 7.5M', 'PCS', 0, 0, 0, 11, 0, '2022-01-23 09:01:58', NULL, 52, 4, 35),
('PJ000481', 'Gear MT954 Maktec', 'PCS', 0, 0, 0, 5, 0, '2022-01-23 09:03:00', NULL, 55, 4, 29),
('PJ000482', 'Kran Angin 1/4\" Jason', 'PCS', 0, 0, 0, 20, 0, '2022-01-23 09:03:27', NULL, 67, 4, 22),
('PJ000483', 'Gear MT60 Maktec', 'PCS', 0, 0, 0, 10, 0, '2022-01-23 09:04:16', NULL, 55, 4, 29),
('PJ000484', 'Tespen DC 6-24V Tekiro', 'PCS', 0, 0, 0, 12, 0, '2022-01-23 09:04:22', '2022-01-23 01:30:45', 68, 4, 21),
('PJ000485', 'Gas Torch WIpro GT01', 'PCS', 47500, 0, 0, 49, 0, '2022-01-23 09:05:46', '2022-01-23 01:06:12', 49, 4, 18),
('PJ000486', 'Gear cut-off', 'PCS', 0, 0, 0, 4, 0, '2022-01-23 09:06:03', NULL, 55, 4, 29),
('PJ000487', 'Gas Torch Samato ', 'PCS', 0, 0, 0, 40, 0, '2022-01-23 09:06:49', NULL, 67, 4, 29),
('PJ000488', 'Gear 1630', 'PCS', 0, 0, 0, 3, 0, '2022-01-23 09:06:53', '2022-01-23 01:07:15', 55, 4, 29);
INSERT INTO `tbl_barang` (`barang_id`, `barang_nama`, `barang_satuan`, `barang_harpok`, `barang_harjul`, `barang_harjul_grosir`, `barang_stok`, `barang_min_stok`, `barang_tgl_input`, `barang_tgl_last_update`, `barang_kategori_id`, `barang_user_id`, `suplier_id`) VALUES
('PJ000489', 'Gear 10mm Gtech', 'PCS', 0, 0, 0, 10, 0, '2022-01-23 09:08:01', NULL, 55, 4, 29),
('PJ000490', 'Baterai Charger Delta 10A', 'Unit', 0, 0, 0, 5, 0, '2022-01-23 09:08:44', NULL, 68, 4, 19),
('PJ000491', 'Gear 9553 Gtech', 'PCS', 0, 0, 0, 17, 0, '2022-01-23 09:08:49', NULL, 55, 4, 29),
('PJ000492', 'Gear MT90 Gtech', 'PCS', 0, 0, 0, 8, 0, '2022-01-23 09:09:38', NULL, 55, 4, 29),
('PJ000493', 'Baterai Charger Delta 15A', 'Unit', 0, 0, 0, 6, 0, '2022-01-23 09:17:14', NULL, 68, 4, 19),
('PJ000494', 'Baterai Charger Delta 20A', 'Unit', 0, 0, 0, 4, 0, '2022-01-23 09:17:47', NULL, 68, 4, 19),
('PJ000495', 'Baterai Charger Delta 40A', 'Unit', 0, 0, 0, 2, 0, '2022-01-23 09:18:12', NULL, 68, 4, 19),
('PJ000496', 'Stavolt Caltech 500W', 'Unit', 0, 0, 0, 1, 0, '2022-01-23 09:19:18', NULL, 69, 4, 39),
('PJ000497', 'Stavolt Caltech 1000W', 'Unit', 0, 0, 0, 2, 0, '2022-01-23 09:22:58', NULL, 69, 4, 39),
('PJ000498', 'Stavolt Caltech 1500W', 'Unit', 0, 0, 0, 3, 0, '2022-01-23 09:23:33', NULL, 69, 4, 39),
('PJ000499', 'Stavolt Caltech 2000W', 'Unit', 0, 0, 0, 1, 0, '2022-01-23 09:24:37', NULL, 69, 4, 39),
('PJ000500', 'Stavolt Caltech 5000W', 'Unit', 0, 0, 0, 1, 0, '2022-01-23 09:25:01', NULL, 69, 4, 39),
('PJ000501', 'Air Duster Prohex', 'PCS', 0, 0, 0, 36, 0, '2022-01-23 09:26:25', NULL, 67, 4, 19),
('PJ000502', 'Potong Granit Manual 80cm Doziro', 'Unit', 0, 0, 0, 1, 0, '2022-01-23 09:28:28', NULL, 52, 4, 27),
('PJ000503', 'Potong Granit Manual 100cm Doziro', 'Unit', 0, 0, 0, 1, 0, '2022-01-23 09:29:16', NULL, 52, 4, 27),
('PJ000504', 'Kapasitor 400hp Wipro', 'PCS', 0, 0, 0, 5, 0, '2022-01-23 09:29:44', NULL, 70, 4, 18),
('PJ000505', 'Tespen DC6-24V GripOn', 'PCS', 0, 0, 0, 26, 0, '2022-01-23 09:30:10', NULL, 68, 4, 13),
('PJ000506', 'Kapasitor 500HP Wipro', 'PCS', 0, 0, 0, 2, 0, '2022-01-23 09:30:26', NULL, 70, 4, 18),
('PJ000507', 'Kapasitor 300HP Wipro', 'PCS', 0, 0, 0, 4, 0, '2022-01-23 09:31:09', NULL, 70, 4, 18),
('PJ000508', 'Tespen DC 6-24V + Sekring', 'PCS', 0, 0, 0, 10, 0, '2022-01-23 09:31:27', NULL, 68, 4, 29),
('PJ000509', 'Kapasitor 250HP Wipro', 'PCS', 410000, 0, 0, 4, 0, '2022-01-23 09:31:50', NULL, 70, 4, 18),
('PJ000510', 'Kapasitor 200HP Wipro', 'PCS', 0, 0, 0, 4, 0, '2022-01-23 09:32:30', NULL, 70, 4, 18),
('PJ000511', 'Kapasitor 150HP Wipro', 'PCS', 0, 0, 0, 6, 0, '2022-01-23 09:33:11', NULL, 70, 4, 18),
('PJ000512', 'Obeng Ketok Orange', 'PCS', 0, 0, 0, 4, 0, '2022-01-23 09:33:34', NULL, 52, 4, 13),
('PJ000513', 'Kapasitor 75HP Wipro', 'PCS', 0, 0, 0, 6, 0, '2022-01-23 09:34:00', NULL, 70, 4, 18),
('PJ000514', 'Kapasitor 100HP ESE', 'PCS', 0, 0, 0, 5, 0, '2022-01-23 09:34:59', NULL, 70, 4, 29),
('PJ000515', 'Obeng Ketok Tough', 'PCS', 0, 0, 0, 2, 0, '2022-01-23 09:35:02', NULL, 52, 4, 42),
('PJ000516', 'Obeng Ketok Lipro', 'PCS', 0, 0, 0, 5, 0, '2022-01-23 09:35:39', NULL, 50, 4, 13),
('PJ000517', 'Kapasitor 200HP ESE', 'PCS', 0, 0, 0, 5, 0, '2022-01-23 09:35:41', NULL, 70, 4, 29),
('PJ000518', 'Obeng Ketok Tekiro', 'PCS', 0, 0, 0, 8, 0, '2022-01-23 09:36:12', '2022-01-23 02:03:21', 47, 4, 21),
('PJ000519', 'Kapasitor 6HP ESE', 'PCS', 0, 0, 0, 19, 0, '2022-01-23 09:36:42', NULL, 70, 4, 29),
('PJ000520', 'Kapasitor 35HP ESE', 'PCS', 0, 0, 0, 10, 0, '2022-01-23 09:37:27', NULL, 70, 4, 29),
('PJ000521', 'Holesaw Kit 13PCS Benz', 'PCS', 0, 0, 0, 19, 0, '2022-01-23 09:37:32', NULL, 67, 4, 23),
('PJ000522', 'Kapasitor 40HP ESE', 'PCS', 0, 0, 0, 9, 0, '2022-01-23 09:38:09', NULL, 70, 4, 29),
('PJ000523', 'Holesaw Kit 16PCS Kodenki', 'PCS', 0, 0, 0, 9, 0, '2022-01-23 09:38:11', NULL, 67, 4, 23),
('PJ000524', 'Holesaw Kit 13PCS Lazaro', 'PCS', 0, 0, 0, 4, 0, '2022-01-23 09:40:06', NULL, 67, 4, 29),
('PJ000525', 'Siku Magnit 4\" Ramco', 'PCS', 0, 0, 0, 12, 0, '2022-01-23 09:47:21', NULL, 67, 4, 29),
('PJ000526', 'Siku Magnit 3\" Ramco', 'PCS', 0, 0, 0, 12, 0, '2022-01-23 09:48:24', NULL, 67, 4, 29),
('PJ000527', 'Siku Magnit 4\" Benz', 'PCS', 0, 0, 0, 16, 0, '2022-01-23 09:49:21', NULL, 67, 4, 23),
('PJ000528', 'Siku Magnit 3\" Benz', 'PCS', 0, 0, 0, 15, 0, '2022-01-23 09:50:06', NULL, 67, 4, 29),
('PJ000529', 'Kunci SOK Y 10-11-13 Tekiro', 'PCS', 0, 0, 0, 12, 0, '2022-01-23 09:51:43', NULL, 47, 4, 21),
('PJ000530', 'Mata Bor Set Alwin 1-13mm 25pcs', 'Kotak', 175000, 235000, 0, 5, 0, '2022-01-23 09:51:54', '2022-01-24 11:29:01', 55, 4, 18),
('PJ000531', 'Kunci SOK Y 8-9-10 Tekiro', 'PCS', 0, 0, 0, 12, 0, '2022-01-23 09:52:16', NULL, 47, 4, 21),
('PJ000532', 'Mata Bor Set Alwin 1-10mm 19pcs', 'Kotak', 0, 0, 0, 8, 0, '2022-01-23 09:52:50', '2022-01-23 01:55:05', 55, 4, 18),
('PJ000533', 'Kunci SOK Y 10-12-14 Tekiro', 'PCS', 0, 0, 0, 36, 0, '2022-01-23 09:53:00', NULL, 47, 4, 21),
('PJ000534', 'Mata Bor Set Alwin 1-6mm 13pcs', 'Kotak', 0, 0, 0, 13, 0, '2022-01-23 09:53:57', NULL, 55, 4, 18),
('PJ000535', 'Kunci Ring Set 6-24mm 8PCS Tekiro', 'Kotak', 0, 0, 0, 14, 0, '2022-01-23 09:54:41', NULL, 47, 4, 21),
('PJ000536', 'Kunci Ring Set 6-24mm 8PCS Lipro', 'Kotak', 0, 0, 0, 6, 0, '2022-01-23 09:55:18', NULL, 50, 4, 13),
('PJ000537', 'Bor set Gtech 1-13mm 25pcs', 'Kotak', 0, 0, 0, 2, 0, '2022-01-23 09:56:08', NULL, 55, 4, 23),
('PJ000538', 'Kunci Ring Set 6-22mm Fukung', 'Kotak', 0, 0, 0, 27, 0, '2022-01-23 09:56:10', NULL, 52, 4, 42),
('PJ000539', 'Kunci Ring Set 6-24mm 8PCS MC Pro', 'Kotak', 0, 0, 0, 1, 0, '2022-01-23 09:56:58', NULL, 52, 4, 26),
('PJ000540', 'Bor set Mctech 1-13mm 25pcs', 'Kotak', 0, 0, 0, 2, 0, '2022-01-23 09:57:05', NULL, 55, 4, 26),
('PJ000541', 'Bor Set JCK Alwin 1-10mm 12pcs', 'Kotak', 0, 0, 0, 2, 0, '2022-01-23 09:58:36', NULL, 55, 4, 18),
('PJ000542', 'Kunci Ring Pas Set 8-24mm 11PCS OSHO', 'Kotak', 0, 0, 0, 12, 0, '2022-01-23 09:59:48', NULL, 52, 4, 43),
('PJ000543', 'Bor Beton Molar set', 'Kotak', 0, 0, 0, 8, 0, '2022-01-23 10:00:20', NULL, 67, 4, 28),
('PJ000544', 'Kunci RIng Pas Set 8-24mm 11PCS Premier', 'Kotak', 0, 0, 0, 23, 0, '2022-01-23 10:00:41', NULL, 52, 4, 13),
('PJ000545', 'Kunci Ring Pas Set 8-24mm 11PCS MCtech', 'Kotak', 0, 0, 0, 19, 0, '2022-01-23 10:01:21', NULL, 52, 4, 26),
('PJ000546', 'Kunci Ring Pas Set 8-22mm 11PCS MCtech', 'Kotak', 0, 0, 0, 9, 0, '2022-01-23 10:01:52', NULL, 52, 4, 26),
('PJ000547', 'Kunci Ring Pas Set 8-24mm 11PCS Cronos', 'Kotak', 0, 0, 0, 2, 0, '2022-01-23 10:02:39', NULL, 52, 4, 13),
('PJ000548', 'Diamond  ASA Benz 5 Single', 'PCS', 0, 0, 0, 20, 0, '2022-01-23 10:04:26', NULL, 55, 4, 23),
('PJ000549', 'Diamond  ASA Benz 5 Double', 'PCS', 0, 0, 0, 10, 0, '2022-01-23 10:05:16', NULL, 55, 4, 23),
('PJ000550', 'Kunci Ring Pas 8-32mm 14PCS Cronos', 'Kotak', 0, 0, 0, 3, 0, '2022-01-23 10:05:30', NULL, 52, 4, 13),
('PJ000551', 'Diamond  ASA Benz 4 Single', 'PCS', 0, 0, 0, 1, 0, '2022-01-23 10:06:13', NULL, 55, 4, 23),
('PJ000552', 'Kunci SOK Set 1/2\" 6PT 8-24mm Tekiro', 'Kotak', 0, 0, 0, 6, 0, '2022-01-23 10:06:17', NULL, 47, 4, 21),
('PJ000553', 'Kunci SOK Set 1/4\" 6PT 21PCS Premier', 'Kotak', 0, 0, 0, 9, 0, '2022-01-23 10:07:06', NULL, 52, 4, 13),
('PJ000554', 'Diamond  ASA Benz 4 Double', 'PCS', 0, 0, 0, 1, 0, '2022-01-23 10:07:07', NULL, 55, 4, 23),
('PJ000555', 'Kunci SOK Set 1/2\" 6PT 8-32mm Veloz', 'Kotak', 0, 0, 0, 1, 0, '2022-01-23 10:07:50', NULL, 52, 4, 19),
('PJ000556', 'Diamond  ASA Alwin 5 Single', 'PCS', 0, 0, 0, 2, 0, '2022-01-23 10:08:04', NULL, 55, 4, 18),
('PJ000557', 'Kunci SOK Set 1/2\" 6PT 8-32mm Lippo', 'Kotak', 0, 0, 0, 1, 0, '2022-01-23 10:08:31', NULL, 52, 4, 13),
('PJ000558', 'Kunci SOK Set 1/2\" 6PT 8-32mm Tekiro', 'Kotak', 0, 0, 0, 2, 0, '2022-01-23 10:09:01', NULL, 47, 4, 21),
('PJ000559', 'Kunci SOK Set 1/2\" 6PT 8-32mm Bimax', 'Kotak', 0, 0, 0, 11, 0, '2022-01-23 10:09:35', NULL, 52, 4, 13),
('PJ000560', 'Kunci Inggris 12\" Tekiro', 'PCS', 0, 0, 0, 34, 0, '2022-01-23 10:10:12', NULL, 47, 4, 21),
('PJ000561', 'Diamond ASA EINHIIL 5 Double', 'PCS', 0, 0, 0, 1, 0, '2022-01-23 10:10:20', NULL, 55, 4, 44),
('PJ000562', 'Tang Buaya MC Pro', 'PCS', 0, 0, 0, 18, 0, '2022-01-23 10:11:05', NULL, 52, 4, 26),
('PJ000563', 'Diamond  ASA NIPONTECH 5 Single', 'PCS', 0, 0, 0, 1, 0, '2022-01-23 10:11:19', NULL, 55, 4, 29),
('PJ000564', 'Tang Buaya Tekiro', 'PCS', 0, 0, 0, 6, 0, '2022-01-23 10:11:31', NULL, 47, 4, 21),
('PJ000565', 'Dial Indikator 0-25', 'PCS', 0, 0, 0, 25, 0, '2022-01-23 10:13:28', '2022-01-24 12:56:03', 71, 4, 13),
('PJ000566', 'Kunci Inggris 12\" Fukung', 'PCS', 0, 0, 0, 19, 0, '2022-01-23 10:14:13', NULL, 52, 4, 42),
('PJ000567', 'Kunci CVT 39x41 Multipro', 'PCS', 0, 0, 0, 20, 0, '2022-01-23 10:17:08', NULL, 68, 4, 41),
('PJ000568', 'Blander Las Pego', 'PCS', 0, 0, 0, 16, 0, '2022-01-23 10:19:24', '2022-01-23 02:20:37', 72, 4, 13),
('PJ000569', 'Blander Las Gloor', 'PCS', 0, 0, 0, 2, 0, '2022-01-23 10:20:13', NULL, 72, 4, 13),
('PJ000570', 'Pompa air Sanyo PH137AC', 'Unit', 600000, 700000, 0, 3, 0, '2022-01-24 03:02:20', NULL, 45, 4, 38),
('PJ000571', 'Pompa Pendorong Wasser PB60EA', 'Unit', 660000, 775000, 0, 7, 0, '2022-01-24 03:34:03', NULL, 45, 4, 40),
('PJ000572', 'Pompa Pendorong Wasser PB169EA', 'Unit', 985000, 1150000, 0, 2, 0, '2022-01-24 03:36:01', NULL, 45, 4, 40),
('PJ000573', 'POmpa Pendorong Wasser PB218EA', 'Unit', 755000, 900000, 0, 1, 0, '2022-01-24 03:37:48', '2022-01-24 10:29:51', 45, 4, 40),
('PJ000574', 'Pompa Pendorong Shimizu PB228', 'Unit', 755000, 875000, 0, 2, 0, '2022-01-24 04:03:13', NULL, 45, 4, 38),
('PJ000575', 'Pompa Celup Kyodo SP2400L', 'Unit', 300000, 375000, 0, 9, 0, '2022-01-24 04:26:28', NULL, 45, 4, 28),
('PJ000576', 'Pompa Celup Kyodo SP3200L', 'Unit', 375000, 475000, 0, 3, 0, '2022-01-24 04:28:48', NULL, 45, 4, 28),
('PJ000577', 'Pompa Celup Wasser SWP180EA', 'Unit', 995000, 1150000, 0, 1, 0, '2022-01-24 04:32:14', NULL, 45, 4, 40),
('PJ000578', 'Mata Bor Set Kombinasi 9pcs', 'Kotak', 50000, 85000, 0, 7, 0, '2022-01-24 05:20:58', NULL, 55, 4, 44),
('PJ000579', 'Mata Bor Beton Set Mollar 5pcs', 'Kotak', 45000, 75000, 0, 8, 0, '2022-01-24 05:28:01', NULL, 55, 4, 24),
('PJ000580', 'Mata Bor Set JCK 1-10mm 19pcs', 'Kotak', 360000, 475000, 0, 2, 0, '2022-01-24 05:31:01', NULL, 55, 4, 18),
('PJ000581', 'Mata Bor Set MCTech  1-13mm 25pcs', 'Kotak', 145000, 235000, 0, 2, 0, '2022-01-24 05:34:33', NULL, 55, 4, 26),
('PJ000582', 'Mata Bor Set Gtek 1-13mm 25pcs', 'Kotak', 130000, 225000, 0, 2, 0, '2022-01-24 05:36:51', NULL, 55, 4, 23),
('PJ000583', 'Hole Cutter Benz 4mm', 'PCS', 0, 0, 0, 15, 0, '2022-01-24 05:38:57', NULL, 55, 4, 23),
('PJ000584', 'Hole Cutter Benz 5mm', 'PCS', 0, 0, 0, 9, 0, '2022-01-24 05:40:25', NULL, 55, 4, 23),
('PJ000585', 'Hole Cutter Benz 6mm', 'PCS', 0, 0, 0, 28, 0, '2022-01-24 05:41:48', NULL, 55, 4, 23),
('PJ000586', 'Hole Cutter Benz 8mm', 'PCS', 0, 0, 0, 26, 0, '2022-01-24 05:43:06', NULL, 55, 4, 23),
('PJ000587', 'Hole Cutter Benz 10mm', 'PCS', 0, 0, 0, 30, 0, '2022-01-24 05:44:24', NULL, 55, 4, 23),
('PJ000588', 'Hole Cutter Benz 12mm', 'PCS', 0, 0, 0, 23, 0, '2022-01-24 05:45:31', NULL, 55, 4, 23),
('PJ000589', 'Hole Cutter Benz 14mm', 'PCS', 0, 0, 0, 9, 0, '2022-01-24 05:46:42', NULL, 55, 4, 23),
('PJ000590', 'Hole Cutter Benz 16mm', 'PCS', 0, 0, 0, 12, 0, '2022-01-24 05:48:17', NULL, 55, 4, 23),
('PJ000591', 'Hole Cutter Benz 18mm', 'PCS', 0, 0, 0, 11, 0, '2022-01-24 05:49:34', NULL, 55, 4, 23),
('PJ000592', 'Hole Cutter Benz 19mm', 'PCS', 0, 0, 0, 16, 0, '2022-01-24 06:01:13', NULL, 55, 4, 23),
('PJ000593', 'Hole Cutter Benz 20mm', 'PCS', 0, 0, 0, 12, 0, '2022-01-24 06:02:31', NULL, 55, 4, 23),
('PJ000594', 'Hole Cutter Benz 22mm', 'PCS', 0, 0, 0, 16, 0, '2022-01-24 06:03:31', NULL, 55, 4, 23),
('PJ000595', 'Hole Cutter Benz 22mm', 'PCS', 0, 0, 0, 16, 0, '2022-01-24 06:05:41', '2022-01-24 12:37:55', 55, 4, 23),
('PJ000596', 'Hole Cutter Benz 25mm', 'PCS', 0, 0, 0, 8, 0, '2022-01-24 06:09:30', NULL, 55, 4, 23),
('PJ000597', 'Hole Cutter Benz 30mm', 'PCS', 0, 0, 0, 6, 0, '2022-01-24 06:11:34', NULL, 55, 4, 23);

-- --------------------------------------------------------

--
-- Table structure for table `tbl_beli`
--

CREATE TABLE `tbl_beli` (
  `beli_nofak` varchar(15) DEFAULT NULL,
  `beli_tanggal` date DEFAULT NULL,
  `beli_suplier_id` int(11) DEFAULT NULL,
  `beli_user_id` int(11) DEFAULT NULL,
  `beli_kode` varchar(15) NOT NULL
) ENGINE=InnoDB DEFAULT CHARSET=latin1;

-- --------------------------------------------------------

--
-- Table structure for table `tbl_detail_beli`
--

CREATE TABLE `tbl_detail_beli` (
  `d_beli_id` int(11) NOT NULL,
  `d_beli_nofak` varchar(15) DEFAULT NULL,
  `d_beli_barang_id` varchar(15) DEFAULT NULL,
  `d_beli_harga` double DEFAULT NULL,
  `d_beli_jumlah` int(11) DEFAULT NULL,
  `d_beli_total` double DEFAULT NULL,
  `d_beli_kode` varchar(15) DEFAULT NULL
) ENGINE=InnoDB DEFAULT CHARSET=latin1;

-- --------------------------------------------------------

--
-- Table structure for table `tbl_detail_jual`
--

CREATE TABLE `tbl_detail_jual` (
  `d_jual_id` int(11) NOT NULL,
  `d_jual_nofak` varchar(15) DEFAULT NULL,
  `d_jual_barang_id` varchar(15) DEFAULT NULL,
  `d_jual_barang_nama` varchar(150) DEFAULT NULL,
  `d_jual_barang_satuan` varchar(30) DEFAULT NULL,
  `d_jual_barang_harpok` double DEFAULT NULL,
  `d_jual_barang_harjul` double DEFAULT NULL,
  `d_jual_qty` int(11) DEFAULT NULL,
  `d_jual_diskon` double DEFAULT NULL,
  `d_jual_total` double DEFAULT NULL
) ENGINE=InnoDB DEFAULT CHARSET=latin1;

--
-- Dumping data for table `tbl_detail_jual`
--

INSERT INTO `tbl_detail_jual` (`d_jual_id`, `d_jual_nofak`, `d_jual_barang_id`, `d_jual_barang_nama`, `d_jual_barang_satuan`, `d_jual_barang_harpok`, `d_jual_barang_harjul`, `d_jual_qty`, `d_jual_diskon`, `d_jual_total`) VALUES
(30, '230122000001', 'PJ000376', 'Shimizu PS128', 'Unit', 410000, 450000, 1, 0, 450000),
(31, '230122000002', 'PJ000377', 'Shimizu PS135E', 'Unit', 505000, 525000, 1, 0, 525000),
(32, '230122000003', 'PJ000386', 'Shimizu PS121', 'Unit', 400000, 425000, 1, 0, 425000);

-- --------------------------------------------------------

--
-- Table structure for table `tbl_jual`
--

CREATE TABLE `tbl_jual` (
  `jual_nofak` varchar(15) NOT NULL,
  `jual_tanggal` timestamp NULL DEFAULT current_timestamp(),
  `jual_total` double DEFAULT NULL,
  `jual_jml_uang` double DEFAULT NULL,
  `jual_kembalian` double DEFAULT NULL,
  `jual_user_id` int(11) DEFAULT NULL,
  `jual_keterangan` varchar(20) DEFAULT NULL,
  `jual_pembeli` varchar(30) NOT NULL
) ENGINE=InnoDB DEFAULT CHARSET=latin1;

--
-- Dumping data for table `tbl_jual`
--

INSERT INTO `tbl_jual` (`jual_nofak`, `jual_tanggal`, `jual_total`, `jual_jml_uang`, `jual_kembalian`, `jual_user_id`, `jual_keterangan`, `jual_pembeli`) VALUES
('230122000001', '2022-01-23 08:45:11', 450000, 450000, 0, 4, 'eceran', '1'),
('230122000002', '2022-01-23 09:15:56', 525000, 550000, 25000, 4, 'eceran', '1'),
('230122000003', '2022-01-23 09:22:21', 425000, 425000, 0, 4, 'eceran', '1');

-- --------------------------------------------------------

--
-- Table structure for table `tbl_kategori`
--

CREATE TABLE `tbl_kategori` (
  `kategori_id` int(11) NOT NULL,
  `kategori_nama` varchar(35) DEFAULT NULL
) ENGINE=InnoDB DEFAULT CHARSET=latin1;

--
-- Dumping data for table `tbl_kategori`
--

INSERT INTO `tbl_kategori` (`kategori_id`, `kategori_nama`) VALUES
(43, 'GENSET'),
(44, 'KOMPRESSOR'),
(45, 'POMPA AIR'),
(46, 'Alat Potong Beton'),
(47, 'TOOLS - Tekiro'),
(48, 'ELEKTRO MOTOR'),
(49, 'TOOLS - Wipro'),
(50, 'TOOLS - Lipro'),
(51, 'TOOLS - Lakoni'),
(52, 'TOOLS'),
(53, 'MESIN'),
(54, 'TANGGA ALUMUNIUM'),
(55, 'SPARE PART PWR TOOLS'),
(56, 'SELANG'),
(57, 'TOOLS - IWT'),
(58, 'TOOLS - AMERICAN'),
(59, 'TOOLS - KING TONY'),
(60, 'FEELER'),
(61, 'Power Tools - Modern'),
(62, 'Bearing'),
(63, 'Power Tools'),
(64, 'Gear'),
(65, 'Power Tools - NRTPro'),
(66, 'Power Tools - Ryu'),
(67, 'Aksesoris'),
(68, 'Otomotif'),
(69, 'Elektrik'),
(70, 'Barang UMUM'),
(71, 'Alat Ukur'),
(72, 'Alat Las');

-- --------------------------------------------------------

--
-- Table structure for table `tbl_pelanggan`
--

CREATE TABLE `tbl_pelanggan` (
  `pelanggan_id` varchar(15) NOT NULL,
  `pelanggan_nama` varchar(50) NOT NULL,
  `pelanggan_alamat` varchar(50) NOT NULL,
  `pelanggan_notlpn` varchar(20) NOT NULL
) ENGINE=InnoDB DEFAULT CHARSET=latin1;

-- --------------------------------------------------------

--
-- Table structure for table `tbl_retur`
--

CREATE TABLE `tbl_retur` (
  `retur_id` int(11) NOT NULL,
  `retur_tanggal` timestamp NULL DEFAULT current_timestamp(),
  `retur_barang_id` varchar(15) DEFAULT NULL,
  `retur_barang_nama` varchar(150) DEFAULT NULL,
  `retur_barang_satuan` varchar(30) DEFAULT NULL,
  `retur_harjul` double DEFAULT NULL,
  `retur_qty` int(11) DEFAULT NULL,
  `retur_subtotal` double DEFAULT NULL,
  `retur_keterangan` varchar(150) DEFAULT NULL
) ENGINE=InnoDB DEFAULT CHARSET=latin1;

-- --------------------------------------------------------

--
-- Table structure for table `tbl_suplier`
--

CREATE TABLE `tbl_suplier` (
  `suplier_id` int(11) NOT NULL,
  `suplier_nama` varchar(35) DEFAULT NULL,
  `suplier_alamat` varchar(60) DEFAULT NULL,
  `suplier_notelp` varchar(20) DEFAULT NULL
) ENGINE=InnoDB DEFAULT CHARSET=latin1;

--
-- Dumping data for table `tbl_suplier`
--

INSERT INTO `tbl_suplier` (`suplier_id`, `suplier_nama`, `suplier_alamat`, `suplier_notelp`) VALUES
(9, 'Budi Jaya', 'Surabaya', '000'),
(10, 'SUMBER MAKMUR', 'Surabaya', '000'),
(11, 'Bumi Jaya Diesel', 'Bali', '000'),
(12, 'Angsa Putih', 'Jakarta', '00'),
(13, 'Mitra Abadi', 'Surabaya', '00'),
(14, 'Sinar Surya Diesel', 'Surabaya', '00'),
(15, 'Alfaindo Teknik', 'Surabaya', '000'),
(16, 'GAT', 'Surabaya', '000'),
(17, 'BUDI JAYA M', 'MALANG', '000'),
(18, 'JCK', 'Surabaya', '00'),
(19, '5 Putra', 'Surabaya', '00'),
(20, 'BUMI DIESEL SINGARAJA', 'SINGARAJA', '000'),
(21, 'Istana Motor', 'Surabaya', '00'),
(22, 'SUMBER JAYA TEKNIK', 'Surabaya', '000'),
(23, 'SPT', 'Surabaya', '000'),
(24, 'Verotech', 'Surabaya', '000'),
(25, 'KARSA TIFTA MANDIRI', 'Surabaya', '000'),
(26, 'Usaha Sejahtera', 'Surabaya', '000'),
(27, 'CRISTAL TEKNIK', 'Surabaya', '000'),
(28, 'SUMBER LANCAR', 'Surabaya', '000'),
(29, 'UMUM', 'UMUM', '000'),
(30, 'PERKASA GEMILANG', 'Surabaya', '000'),
(31, 'JAYA AGUNG', 'Surabaya', '000'),
(32, 'RJ', 'JEMBER', '000'),
(33, 'GLOBAL TEKNIK', 'Surabaya', '000'),
(34, 'Abadi Jaya', 'Surabaya', '000'),
(35, 'Makmur Jaya', 'Surabaya', '000'),
(36, 'ALEX FF JAYA', 'Surabaya', '0000'),
(37, 'Jaya Teknik', 'Surabaya', '000'),
(38, 'Karya Baru', 'Surabaya', '000'),
(39, 'Cahaya Listrik', 'Surabaya', '000'),
(40, 'Jaya Sentosa', 'Surabaya', '000'),
(41, 'Multi Mayaka', 'Surabaya', '000'),
(42, 'Tulus Bakti', 'Surabaya', '000'),
(43, 'Mitra Jakarta', 'Jakarta', '000'),
(44, 'TMT', 'Surabaya', '000');

-- --------------------------------------------------------

--
-- Table structure for table `tbl_user`
--

CREATE TABLE `tbl_user` (
  `user_id` int(11) NOT NULL,
  `user_nama` varchar(35) DEFAULT NULL,
  `user_username` varchar(30) DEFAULT NULL,
  `user_password` varchar(35) DEFAULT NULL,
  `user_level` varchar(2) DEFAULT NULL,
  `user_status` varchar(2) DEFAULT '1'
) ENGINE=InnoDB DEFAULT CHARSET=latin1;

--
-- Dumping data for table `tbl_user`
--

INSERT INTO `tbl_user` (`user_id`, `user_nama`, `user_username`, `user_password`, `user_level`, `user_status`) VALUES
(1, 'Bahyu Sanciko', 'bahyu', '21232f297a57a5a743894a0e4a801fc3', '1', '0'),
(2, 'kasir', 'kasir', 'c7911af3adbd12a035b289556d96470a', '2', '1'),
(3, 'gudang', 'gudang', '202446dd1d6028084426867365b0c7a1', '3', '1'),
(4, 'admin', 'admin', '21232f297a57a5a743894a0e4a801fc3', '1', '1'),
(5, 'Kasir', 'Kasir2', 'c7911af3adbd12a035b289556d96470a', '2', '1'),
(6, 'gudang1', 'gudang1', '202446dd1d6028084426867365b0c7a1', '3', '1');

--
-- Indexes for dumped tables
--

--
-- Indexes for table `tbl_barang`
--
ALTER TABLE `tbl_barang`
  ADD PRIMARY KEY (`barang_id`),
  ADD KEY `barang_user_id` (`barang_user_id`),
  ADD KEY `barang_kategori_id` (`barang_kategori_id`),
  ADD KEY `suplier_id` (`suplier_id`);

--
-- Indexes for table `tbl_beli`
--
ALTER TABLE `tbl_beli`
  ADD PRIMARY KEY (`beli_kode`),
  ADD KEY `beli_user_id` (`beli_user_id`),
  ADD KEY `beli_suplier_id` (`beli_suplier_id`),
  ADD KEY `beli_id` (`beli_kode`);

--
-- Indexes for table `tbl_detail_beli`
--
ALTER TABLE `tbl_detail_beli`
  ADD PRIMARY KEY (`d_beli_id`),
  ADD KEY `d_beli_barang_id` (`d_beli_barang_id`),
  ADD KEY `d_beli_nofak` (`d_beli_nofak`),
  ADD KEY `d_beli_kode` (`d_beli_kode`);

--
-- Indexes for table `tbl_detail_jual`
--
ALTER TABLE `tbl_detail_jual`
  ADD PRIMARY KEY (`d_jual_id`),
  ADD KEY `d_jual_barang_id` (`d_jual_barang_id`),
  ADD KEY `d_jual_nofak` (`d_jual_nofak`);

--
-- Indexes for table `tbl_jual`
--
ALTER TABLE `tbl_jual`
  ADD PRIMARY KEY (`jual_nofak`),
  ADD KEY `jual_user_id` (`jual_user_id`);

--
-- Indexes for table `tbl_kategori`
--
ALTER TABLE `tbl_kategori`
  ADD PRIMARY KEY (`kategori_id`);

--
-- Indexes for table `tbl_pelanggan`
--
ALTER TABLE `tbl_pelanggan`
  ADD PRIMARY KEY (`pelanggan_id`) USING BTREE;

--
-- Indexes for table `tbl_retur`
--
ALTER TABLE `tbl_retur`
  ADD PRIMARY KEY (`retur_id`);

--
-- Indexes for table `tbl_suplier`
--
ALTER TABLE `tbl_suplier`
  ADD PRIMARY KEY (`suplier_id`);

--
-- Indexes for table `tbl_user`
--
ALTER TABLE `tbl_user`
  ADD PRIMARY KEY (`user_id`);

--
-- AUTO_INCREMENT for dumped tables
--

--
-- AUTO_INCREMENT for table `tbl_detail_beli`
--
ALTER TABLE `tbl_detail_beli`
  MODIFY `d_beli_id` int(11) NOT NULL AUTO_INCREMENT, AUTO_INCREMENT=6;

--
-- AUTO_INCREMENT for table `tbl_detail_jual`
--
ALTER TABLE `tbl_detail_jual`
  MODIFY `d_jual_id` int(11) NOT NULL AUTO_INCREMENT, AUTO_INCREMENT=33;

--
-- AUTO_INCREMENT for table `tbl_kategori`
--
ALTER TABLE `tbl_kategori`
  MODIFY `kategori_id` int(11) NOT NULL AUTO_INCREMENT, AUTO_INCREMENT=73;

--
-- AUTO_INCREMENT for table `tbl_retur`
--
ALTER TABLE `tbl_retur`
  MODIFY `retur_id` int(11) NOT NULL AUTO_INCREMENT, AUTO_INCREMENT=10;

--
-- AUTO_INCREMENT for table `tbl_suplier`
--
ALTER TABLE `tbl_suplier`
  MODIFY `suplier_id` int(11) NOT NULL AUTO_INCREMENT, AUTO_INCREMENT=45;

--
-- AUTO_INCREMENT for table `tbl_user`
--
ALTER TABLE `tbl_user`
  MODIFY `user_id` int(11) NOT NULL AUTO_INCREMENT, AUTO_INCREMENT=7;

--
-- Constraints for dumped tables
--

--
-- Constraints for table `tbl_barang`
--
ALTER TABLE `tbl_barang`
  ADD CONSTRAINT `tbl_barang_ibfk_1` FOREIGN KEY (`barang_user_id`) REFERENCES `tbl_user` (`user_id`) ON UPDATE CASCADE,
  ADD CONSTRAINT `tbl_barang_ibfk_2` FOREIGN KEY (`barang_kategori_id`) REFERENCES `tbl_kategori` (`kategori_id`) ON UPDATE CASCADE,
  ADD CONSTRAINT `tbl_barang_ibfk_3` FOREIGN KEY (`suplier_id`) REFERENCES `tbl_suplier` (`suplier_id`);

--
-- Constraints for table `tbl_beli`
--
ALTER TABLE `tbl_beli`
  ADD CONSTRAINT `tbl_beli_ibfk_1` FOREIGN KEY (`beli_user_id`) REFERENCES `tbl_user` (`user_id`) ON UPDATE CASCADE,
  ADD CONSTRAINT `tbl_beli_ibfk_2` FOREIGN KEY (`beli_suplier_id`) REFERENCES `tbl_suplier` (`suplier_id`) ON UPDATE CASCADE;

--
-- Constraints for table `tbl_detail_beli`
--
ALTER TABLE `tbl_detail_beli`
  ADD CONSTRAINT `tbl_detail_beli_ibfk_1` FOREIGN KEY (`d_beli_barang_id`) REFERENCES `tbl_barang` (`barang_id`) ON UPDATE CASCADE,
  ADD CONSTRAINT `tbl_detail_beli_ibfk_2` FOREIGN KEY (`d_beli_kode`) REFERENCES `tbl_beli` (`beli_kode`) ON UPDATE CASCADE;

--
-- Constraints for table `tbl_detail_jual`
--
ALTER TABLE `tbl_detail_jual`
  ADD CONSTRAINT `tbl_detail_jual_ibfk_1` FOREIGN KEY (`d_jual_barang_id`) REFERENCES `tbl_barang` (`barang_id`) ON UPDATE CASCADE,
  ADD CONSTRAINT `tbl_detail_jual_ibfk_2` FOREIGN KEY (`d_jual_nofak`) REFERENCES `tbl_jual` (`jual_nofak`) ON UPDATE CASCADE;

--
-- Constraints for table `tbl_jual`
--
ALTER TABLE `tbl_jual`
  ADD CONSTRAINT `tbl_jual_ibfk_1` FOREIGN KEY (`jual_user_id`) REFERENCES `tbl_user` (`user_id`) ON UPDATE CASCADE;
COMMIT;

/*!40101 SET CHARACTER_SET_CLIENT=@OLD_CHARACTER_SET_CLIENT */;
/*!40101 SET CHARACTER_SET_RESULTS=@OLD_CHARACTER_SET_RESULTS */;
/*!40101 SET COLLATION_CONNECTION=@OLD_COLLATION_CONNECTION */;
